date tue jan gmt server apache content type text html content length last modified tue jan gmt world wide web access statistics cobweb cord edu world wide web access statistics cobweb cord edu last updated tue jan gmt daily transmission statistics hourly transmission statistics total transfers client domain total transfers reversed subdomain total transfers archive section totals summary period nov jan files transmitted summary period bytes transmitted summary period average files transmitted daily average bytes transmitted daily daily transmission statistics reqs byte bytes sent requests date nov nov nov nov nov nov nov nov nov nov nov nov nov nov nov nov dec dec dec dec dec dec dec dec dec dec dec dec dec dec dec dec dec dec dec dec dec dec dec dec dec dec dec dec dec dec dec jan jan jan jan jan jan jan jan jan jan jan jan jan jan hourly transmission statistics reqs byte bytes sent requests time total transfers client domain reqs byte bytes sent requests domain ae united arab emirates ar argentina austria au australia belgium bg bulgaria bh bahrain bm bermuda bn brunei darussalam br brazil ca canada ch switzerland cl chile co colombia cr costa rica cz czech republic de germany dk denmark dominican republic ee estonia eg egypt es spain fi finland fr france gr greece hk hong kong hr croatia hrvatska hu hungary id indonesia ie ireland il israel india iceland italy jp japan kr korea south ky cayman islands lk sri lanka lt lithuania lu luxembourg lv latvia ma morocco mx mexico malaysia nl netherlands norway nz new zealand aotearoa pe peru ph philippines pl poland pt portugal ro romania ru russian federation se sweden sg singapore si slovenia sk slovak republic su ussr former th thailand tr turkey tt trinidad tobago tw taiwan ua ukraine uk united kingdom us united states uy uruguay yu yugoslavia za south africa com us commercial edu us educational gov us government mil us military net network org non profit organization arpa old style arpanet cord edu localhost unresolved total transfers reversed subdomain reqs byte bytes sent requests reversed subdomain unresolved ae ac ar com ar net overnet ar net starnet arpa addr arpa addr tr com raksnet arpa addr ac boku adis gv magwien adv magnet au asn cfmeu au com au com acay au com alcoa au com aljan au com alphalink au com ca au com cia au com connect au com ctel au com fastlink au com jbwere au com magna au com midcoast au com mpx au com ne au com nectar au com om au com omen au com ozemail au com ozonline au com powerup au com rbm au com senet au com southcom au com speednet au com tabnsw au com thehub au com tnet au com tpgi au com wantree au com wr au com zed au csiro wark au edu adelaide services au edu latrobe bendigo au edu monash au edu monash biochem au edu murdoch au edu qut au edu tafensw au edu unimelb au edu unsw cse circus au edu uow au edu uow elec au edu utas au edu uts itd au gov agso au gov aihw au gov aph au gov dfat au gov dpie au gov qld citec au gov wa westrail au net aone melbourne au net aone syd au net argo au net ausom au net bluesky au net carno au net dot au net downunder au net ecn au net edge au net eis au net fan au net iinet au net iinet dy au net ix au net netcon au net netspace au net ois au net qa au net questnet au net tassie ltn au net terra au net tne au net vision au org zeta au oz uq cc slip ac kuleuven fys ac kuleuven kulnet ac uia ac ulg student belbone liege eunet gent glo innet interpac liege olivetti tornado aarschot bg bis bh com batelco bm ibl bn brunet br com acs br com alternex br com furnas br com mandic br com mps br com netpoint br com netrio br com netwaybbs br com nrp br com nutecnet csl br com nutecnet jfa br com nutecnet sao br com originet br com procergs br com prover br com provider br com sercomtel br com splicenet br com sti br com summer br com trip br com u netsys br fgvrj br pucsp br tche ucs br ufv dpi br usp ca ab cadvision ca ab cbe b ca ab compusmart ca ab connect ca ab edmonton epsb ca ab edmonton freenet ca ab gmcc ca ab gprc ca ab lethbridgec ca ab lis ca ab mtroyal ca ab rdc ca ab rtt ca ab spots ca ab supernet ca ab tic ca ab videotron ca ab ycs ca advantage ca bc abbotsford sd ca bc camosun cs ca bc gov dial ca bc intergate ca bc lightspeed ca bc online ca bc prn ca bc sd ca bc sd net ca bc victoria claremont ca bctel ca brandonu pcs ca carleton ca cgocable tr ca concordia ca corel ca cyberstore ca cyberus ca cycor ca dal med ca dal ocean ca devry ca dfo ncr ca direct ca doc dsar ca dynatek ca enterprise ts ca escape ca fiberlink ca gc ec cmc ca gc fin ca gc ic ca gc inac ca gc pwgsc ca glen net ca icom ca intranet ca iq ca istar brg ca istar hfx ca istar kin ca istar mtl ca istar ott ca istar syd ca istar tallships ca istar tor ca istar vcr ca istar win ca isys ca kpmg ca lakeheadu ca magic ca mb autobahn ca mb mbnet ca mb sirnet ca mb winnipeg fgsd acadia ca mb winnipeg fgsd frc ca mb winnipeg fgsd vmc ca mb winnipeg wsd ca mcgill cs ca mcgill das ca mcmaster chemistry ca mcmaster cis ca mgl ca mis ca mun engr ca mun remote ca nb campnet ca nb nbnet ca neocom ca netcom ca netinc ca nf nlnet ca nlc bnc ca nortel ca ns cbnet ca ns desktop ca ns ednet ca ns ednet cec ca ns ednet hcjh ca ns ednet lardoise ca ns ednet pah ca ns nscc annapolis ca ns nscc pictou ca aci ca easynet ca edu dprcssb ca edu obe ca edu peel ca edu scar ca emporium ca firstplace ca flemingc ca flemingc knet ca gov ca hrcc ca humberc acad ca iaw ca london info slip ca neptune ca odyssey ca oncomdis ca scarborough sbe ca scbe ca sheridanc ca stlawrencec ati ca tcs ca vianet ca wchat ca onramp tor ca orc ca petro canada ca polymtl slip ca portal ca qc cil ca qc cmaisonneuve ca qc collegebdeb ca qc imo ca qc rocler ca qc saglac ca qc sorel tracy ca qc upc ca queensu biomed ca queensu resnet n ca queensu resnet n ca queensu resnet n ca queensu resnet n ca queensu resnet n ca queensu tele ca quest ca recorder ipad ca sfu ca sk rose valley inet ca sk saskatoon sfn ca skyinternet ca stfx ca symaptico ns ca sympatico ca sympatico nf ca sympatico ns ca sympatico ca sympatico qc ca sympatico sk ca ualberta labs ca ualberta remote ca ubc ee ca ubc net annex ca ubc ritslab ca ucalgary acs ca ucalgary enel ca ulaval ca ulaval gmc ca uleth geo ca umanitoba cc ca umontreal scedu ca unb novlab ca uoguelph net ca uottawa cc ca uqam ppp ext ca usherb gel ca utoronto dialin ca uvic call ca uvic phys ca uvic uvcs ca uwaterloo ca uwaterloo math ca uwaterloo watstar ca uwindsor ca uwlm ca uwo ccs ca wave rogers ca wave shaw ca wbm ca xl ca yorku admissions ca yorku ccs ca yorku slip ca yorku steac ca yorku steact ch bluewin ch cafe ch centralnet ch cern ch eunet ch infomaniak ch iprolink ch mcnet ch netwings ch spectraweb ch twi ch unibe ch unil cl chilenet cl netup cl reuna cl uchile dcc cl uta electa cl utfsm elo co edu udea com stnet lee com cities com lefties com wave com main com abac com abacom com abcs com abelink com abilnet com ac ebs com accessnv com accessone com accessv com acsnet com actg com actware com adamswells com add inc com adnc com adp bis com aerotek com agames com aha com ahlstrom esmi com aici com aicom exp pm com aicom exp pm com aig com alcatel aur com allied tmp com alliedcg com aloha com altered com amd com amherst com amp com ampsc com amsinc com aol ipt com aol proxy com aonline com apcc com apple com apple austin com ark com armory com ascinet com asfast com assocdata com atcon crb com atcon mid com atcon mon com atcon syd com atext com atinc ns com att com aug com averydennison research com awinc cworld com awinc gforks com awinc microage ll com awinc microage tb com awinc onramp com axess com axionet com ayce com azstarnet com bah com ball com ballistic com bankerstrust com barrow com basinlink com baxter roundlake com bayer wh com baynetworks com bbt com bcbsnd com bdm com bdsnet com bear com bellatlantic com bendnet com bentley com berwanger com best mv pm com best vip com bfm com bluestone com bmgmusic com bms com boeing com borg com bossnt com bp com bpcbbs com br inc com br ranch com brokersys com bserv com bt access com bt lon com btigate com btinternet com btusa com burgoyne com busprod com buttenet com c com cadvision com cahners com cajunnet com calweb com camalott com canuck com cardinal com carlson com carman com carolina chat com carroll com cartotech com castles com cat com ccdbbs com cci internet com ccnet com ccrtc com ccsis com cedarnet com cerfnet isdn la com cet com cfw com cfw cybercafe com cgsd com channel com chesco com chickasaw com cia com ciba ustc com cinetwork com cioe com cisco com citicorp com citilink com city net com cjnetworks com cks com clandjop com clo com clorox com cloudnet com cmgplc com cnf com cnw com coastalnet com coil com colybrand com comcat com commonlink com compaq com compassnet com comptec com compuage com compudata com compuserve com computer services com compuware com comshare com comteck com connecti com connectnet com conneti com corelus com corptechnologies com cpi com cray com crinos com crl com crl sat com crl sfo com cshore com cswnet com ctctel dialup com ctp com cts com ctwok com customcpu com cwo com cyber dyne com cybernaute com cybernetvr com cybernw com cyberscenes com cyberspace com cybertron com cyou com dana com databeam lex eng com dataex com datalytics com datasync com dbeach com dbisna com dcontinuum com ddscanada com dec pa x com delmarva com delphi com delta air com deltanet com deskmedia com dfi com digiforest com digital altavista com digital research crl com digital service com dimensional pm pm com disney com dlcwest com dmtc com dnai isdn com doitnow com domtar com donotgetburned com dow com dowjones com doyon com dttus com dupont lvs com dupontmerck com dwsearch com dzn com eagleut com eci com eden austin com eds com eds ug com eds xweb com edwpub com eesc com efni com elcocomp com electrotex com elsevier com emapnet com emc isus com emeraldis com enteract d com eosinc com ericsson com erinet com erols com escape com escortnet com eskimo com essex com esslink com etn com eurekanet com europa com evoserve com excalib com execpc com execulink mercury com execulink venus com exit com exo com eyecon com ezdial ns com ezl com fail com fairfield com fascom com federatedinv com ffbbs com firstnethou com firstunion com fishbone com flanet com flexnet com flink com flinthills com fmr com forbin com ford com frazmtn com frco com frii ppp com fta com fullfeed lse com fullnet com futureone com fyionline com gale com galstar com gari com ge com ge med com geis md com gemlink com gene com genesyslab com getnet com giga com glaxowellcome com gld com globaldialog com gmeds com gnn client com gnn proxy com gol com goldrush com goodnet com gophone com gps com gradient com greenheart com grolen com gs com gsilink com gsilink dvo com gslink pm com gtii com guesswork com hargray r com hargray r com hasimons com hayburn com hcc com hctc com hevanet com hidesert com highway ne com hipnotic com hkcabletv com hknet com hkstar com hlp com hmco com holli com home sfba frmt com honeywell az atops com honeywell resd com hotcc com hp com hp access com hp atl com hp cns com hp mayfield com hp sc com htonline com humboldt com hwy com star com iafrica com ibm almaden com ibm austin com ibm chips com ibm raleigh com ibm us ca com ibm us ny com icongrp crown com idcnet com idirect com idsoftware com idsonline com idx com ieway com iinc com im com imagina com imagiware com impsat com ims com inch dialup com inchcape com indra com infi pos com inficad phx ts com inficad phx ts com infinet com infobahnos com infocom com infogo com infomatch com infoseek com infowest com ingrammicro com inil com injersey com inktomi com inlink com inmedia com innet com innovsoftd com inreach com intaccess com intel fm com intel jf com intel rr com intel sc com interaccess cloud com interaccess dialnet com interaccess loop com interaccess nnb com interaccess w com intercoast com intercomm com interlog com interlog cc com interlog tor com internetwis com internorth com interramp ca concord com interramp ca fresno com interramp ct harford com interramp ct stamford com interramp fl tampa com interramp ga augusta com interramp il chicago com interramp mi pontiac com interramp ny white plains com interramp oh akron com interramp oh cincinnati com interramp oh toledo com interramp ok tulsa com interramp tx houston com interramp va danville com interramp va herndon com intersrv com intertrek com invsn com io austin com ioa com iocc com iohk com iplenergy com ipoline com iserver com isidaho com isisnet com islandnet com isomedia com iswt com itctel dialup com itis com itol com itttech com itw com jalden com jci com jnj com jorsm com jovanet com jscinc com jumppoint com jvlnet com karmak com kbp com kelsen com kennecott com kestrok com kindercare com kla com kneehill com knklinks com kns com koyote com ktc com kwic com lamb com lascruces com lawson com lehman com lilly d com linetap com link bgm com linklaters com linwoodnet com lmco tds eagan com lmt com lnd com lnknet com loa com localeyes com localnet com lockheed ladc com loclnet com loop com loral ssd com lotus com lovellwhitedurrant com lrun com ltkcable com lucent proxy com luthbro com macnet com macom com mag net ts com magpage com manifest com manznet com map com marketwave com marriott com marsweb com mci cs com mdc com mdmcduluth com mdn com megamed com mei diageng com memc com memphisonline tch nsc com mentorg com metatools com mfa com mgh com mginc com microcom com microcrafts com micron com microsoft com midcoast com midlandlife com millcomm roch com millennianet com mindspring com mindspring dialup com mindsync com minot com misnet com mitel com ml com mlode com mmc vf com mmm com mnsinc com monsanto com montana com moran com moscow com mosquito com mosquitonet com mot com mot mcd phx com mot paging com mother dav com mozcom com ms com msc net com mscomm com msinets dialup com mtco com mtel com mulberry com multipro ckvlsouth pm com muscanet com mv com mvbms com mvillage com myriadagency com myrus com n jcenter com nagler com nainc com naplesnet com navpoint com nccsinc com ncr com ncweb com ndh com nec el com nemonet com neog com neopath com neosoft com neosoft com net gate com netaxis com netcom corp com netcom ix com netctrl com netdot com nethawk com netheaven com netidea nelson com netone dialin com netrover com netscape com netset cmh dialup com netside com nettwerk com netvigator com netw com netwestonline com network one fulton com newbridge com newyorklife com nexstar com nextel com nfld remote com nichols com nidlink com nitco com nni com nokia nmp com norcen com norcov com nortel dos com northcoast com northlink com norwalk com norwest com novell provo npd com npd com nsc com nsis pmaster com nsis pmaster com nt com nucleus com nwinternet com nwlink annex com oanet com oeonline com okeechobee com oleane def com oleane gre com oln com omegabbs com online interactive com openport com ora west com oracle uk com oracle us com orbitel com orci com oregoncoast com town com outremer com ovnet com owt com pacificorp com pacifier van com pacifier van com pagenet com pageworks com panlab com paonline com pathcom com pathwaynet com pcez com pcix com pclink com pcok com pconline com pencomsi com penn com pensacola com pfizer com pg com phibred com philips com pi securities com pinc com pipcom com pipex du com pipex msn uk max com pipex msn uk max com pipex msn uk max com pipex msn uk max com pipex msn uk max com pipex msn uk max com pixi com planetc com planeteer com platinum com pnm com pnn com po com polarcomm com polarnet com pond vf com popstudios com portalinc com post gazette com powercerv com prc com prc bellevue com pressenter com primeco com primenet com primenet boi com primenet fhu com primenet flg com primenet lax com primenet mci com primenet msp com primenet phx com primenet sac com primenet sbd com primenet tus com primenet yum com proaxis com prodigy com prusec com psg rain delegated lame schmuck com ptw com qatraining com qnet ca com qni com qualcomm com quebectel f com quebectel f com quebectel f com quebectel f com quebectel f com quebectel f com quiknet com quintus com rain sma com raltron com randomhouse com rapidnet com rapidramp com ravensoft com razorlogic com rccden com rconnect com reach com reallink com reddragon com redshift com relex com resolink com rimini com riscman fla com ro com roche bas com rockwell roses com rogers com rrnet blue com rrnet cat com rrnet dot com rrnet wolf com rtd com saic east com salamander com sanders com sands com sbi com sbservices com sbtinfo com scana com scruznet sc com seanet dialup com seca com segue com seidata com sequent com sequoia com servcom com servtech roc com sfo com sftw com sgi com shadetree com shearman com shellus com shl com shockware com shurfine com siemenscom com sierratel com sihope com sinewave ip com sinewave isdn com sirius com sirs com sirus com sisna com sitespecific com skantech com skypoint com slb geco prakla stavanger com slb globalsoft austin com slb mcs norcross com slb sinet access com slic com smartt com snowhill pmoz com softdisk com specent com spherenet com sprintisp com sprintspectrum com ssb clipper com sstelco com staples com starcon cygnus com starnetinc com statefarm com std com stena com stlnet com strata com stream com stx com summer com sun eu com sunlife com superaje com surfnetinc com swcp com sybase com synerdyne com systech com tams com tandem ffm com tandem loc com tandem mis com tandem mpd com tandy com tbe com tcac com tcfarm com tci com tctc com techline com teir com tek com telcomplus com teleport com teletechintl com televar com telia com telia midnet com telxon mis com templeinland com tenetwork com tenforward com teradyne com teradyne mtest com terminus com texaco com wire com thecds com thecore com thewebcorp com third wave com ti com tiac ct hartf ts com tiac ma bedfo ts com tiac ma haver gw com tiac ma haver ts com tiac ma kings ts com tiac ma leomi gw com tiac ma metro ts com tima bford com timberwest com timetrend com timken com tir com tmhe com toddalan com totcon com trader pm com transmeta com triax com trib com tridom com troutmansanders com trw ora com trw ks com tstonramp com turbonet com twics com tyson com u net com ubs com ugc com uhc com ultranet ma com undata com unisys com unocal com uplogon com urlabs com usa com usco com uscom com uscs ibs com uswest com uswnvg com vasia com verinet com viagrafix com vii ut com villagenet com vir com visa com visuallink com vividnet com voicenet com voy ager com vr net com vrl com vt com vvm com walldata com wanet com wang com waveinter com wavenet com wazoo pm com wazoo pm com wco com wcoil com wdsec com webcrawler com webcruzers com weblaunch com webquest com wec pgh com weisman com well com wellsfargo com westnet dialup com westnet pm com westol com westpub com westworld com wilcom com willmar com wintek com winternet dialup com wisenet com wizrealm com wko com wolfenet com womans com wonderware com world u com worldaccess com wport com wserv wilmington com wwa com wwdc com wwics com wwisp com wwnet com wzrd com xerox com xmission modem com xnet com xtdl bedford com xyplex com yab com yahoo com yr com zelacom com zianet com zph cr co racsa cz czcom cz vse de baynet fen de comcity de dfn win ip de dkrz de dresdnerbank de dtag btx de eunet f de eunet h de fh niederrhein kr de fh weingarten rz de fu berlin physik de hos de hu berlin rz de inx de karstadt cbar re de ku eichstaett de lrz muenchen ppp de metronet de netcologne de netsurf de plusnet de pop hamburg de rhein neckar de rwth aachen informatik de sbs de teles de th merseburg hrz de tkc de tu ilmenau e technik de tu muenchen informatik de uni duesseldorf rz de uni erlangen geol de uni erlangen informatik de uni erlangen rrze de uni frankfurt rz de uni greifswald rz de uni hannover rrzn de uni karlsruhe rz de uni kiel rz de uni koeln isdn de uni koeln rrz de uni konstanz rz de uni leipzig de uni mainz zdv de uni mannheim de uni marburg stud ppp de uni muenster de uni paderborn de uni sb de uni sb univw de uni siegen hrz de uni stuttgart ica csv de uni stuttgart wh de uni trier de uni tuebingen informatik de uni ulm rz de uni wuppertal urz dk agora dk ats edu hassel dk bib silkeborg dk cybercity dk dk online c dk dk online c dk dknet pip dk dknet ppp dk ia dk image dk ku ihi dk ku ki dk mem dk navision dk nhs dk odensesem dk roskildebib dk ruc dk tele arh dk tele bir dk tele esb dk tele fh dk tele kbh dk tele sdb dk tietgen dk zitech ppp net codetel edu afsc edu alaska edu albany lc edu alma bruske edu american acc lab edu american dorms edu andrews cc edu andrews resburman edu andrews tech edu antiochla edu appstate acs edu apu edu aquinas edu arbor edu arizona library edu arizona math edu arizona u edu ashland edu asu edu asu inre edu asu la edu auburn duc edu augustana edu bates edu berkeley edu berkeley cchem edu berkeley hip edu berkeley lib edu berkeley reshall edu bgsm net edu bgsu edu bgu csu edu bradley edu brown cis edu bu edu bucknell edu buffalo lib edu buffalo ppp net edu butler edu byu edu byu ln edu callutheran edu calpoly acs edu calpoly busfac edu calpoly offcampus edu calstatela edu caltech edu calvin edu carleton careerctr edu ccac acd edu cedarville edu champlain edu chowan edu clarkson dorm edu cmu andrew slip edu cmu cs sp edu cmu cs tps edu cmu res edu cmu sei edu cod edu colby health center edu colby residences hillside west edu colorado edu colostate lance edu colostate slip edu columbia cc edu columbia ctr edu columbia jrn edu columbia nltl edu columbia rhno carman edu columbia rhno htl edu columbia rhno jj edu cord edu cornell cit edu cornell cs edu cornell mannlib edu cornell med edu cornell msc edu cornell resnet edu csbsju pc edu csc edu csuchico lab edu csuhayward edu csuhayward seas edu csulb cecs edu csun edu csuohio async edu csus dialin edu csus ecs edu curry edu cwru student edu dartmouth edu depaul sac x edu devalcol edu devry dpg edu drake edu drexel macip edu dsu edu duke ac edu duke async edu duke bootp edu duke dorm edu duke mc edu duq student edu earlham lib edu eiu edu eku edu emory german edu emory resnet edu emory theology edu emporia edu enc edu enmu edu epcc edu erau pr edu etsu edu etsu tn edu ewu edu fau sci edu firn edu fit wood edu fiu edu fortlewis edu friends edu fsu acns edu fsu coe edu fsu scri edu gac edu gac lib edu gatech edu gatech ee edu gatech res edu gettysburg cc edu gmu edu greenville edu grin gencomp edu gwu edu gwu circ edu hamilton students edu harding edu hartford ednhp edu harvard fas edu harvard student edu haverford resnet edu hawaii dialup edu hawaii ed edu hawaii hern edu hawaii ics edu hbs edu hope lab edu hvcc edu iastate ansci edu iastate cc edu iastate res edu iastate vincent edu iit rh edu indiana cs edu indiana fms edu indiana geog edu indiana iun edu indiana lib edu indiana pop edu indiana ucs edu indiana wright edu iup cc edu iupui dialin edu iupui ulib edu jbu edu jc edu jhu res edu jmu lab edu jmu resnet edu ju edu ksu reshall edu kzoo edu lafayette gates edu lafayette watsonc edu lawrence student edu lehigh res edu lfc edu linfield edu louisville education edu louisville remote edu lssu edu lvc edu lynchburg edu macalester doty edu macalester dupre edu macalester musi edu maine enm edu maricopa gc edu maricopa mc lib edu maricopa mc mc edu mayo edu mcad edu mco edu mcw research edu mdcc kendall edu mec norwell edu mec nquincy edu memphis edu middlebury edu mines edu missouri edu mit edu monroecc edu montana lib edu montana oscs edu monterey edu morehead st edu msu ccas edu msu css edu msu user edu msus moorhead edu msus stcloud edu mtaloy edu mu buslab edu mu schroeder edu muskingum res edu mwsc cailab edu mwsc maclab edu ncsu chass edu ncsu eos edu ncsu unity edu nd library edu nd tc edu nebo shs edu neoucom bootp edu nevada edu nevada ccsn edu nevada lv fra edu nmsu edu nodak ndscs edu nodak ndscs ndts edu nodak ndsu admin edu nodak ndsu cc edu nodak ndsu cs edu nodak ndsu ee edu nodak ndsu entomology edu nodak ndsu lib edu nodak ndsu mu edu nodak ndsu pt edu nodak ndsu pt edu nodak ndsu pt edu nodak ndsu pt edu nodak ndsu pt edu nodak ndsu pt edu nodak ndsu pt edu nodak ndsu pt edu nodak ndsu pt edu nodak ndsu pt edu nodak ndsu pt edu nodak ndsu pt edu nodak ndsu pt edu nodak sendit edu nodak und edu nodak und cc edu nodak und housing edu npcts edu nwu cao edu nwu isp edu nwu res hall edu nyu edu nyu med edu nyu modsim edu nyu net dial edu nyu stern edu oakland acs edu oberlin resnet edu ohio state homenet edu ohio state mps edu ohio state resnet edu ohio state uts edu ohiou chubb edu ohiou dialnet edu ohiou zanesville edu okstate dhcp edu okstate remote edu okstate reslife edu olemiss nexus edu olemiss weirmacs edu onu edu orst rhn edu orst sackettlab edu orst ucs edu oswego edu ou ecn edu ou math edu ou modems edu ou reshall edu pace dac edu panam edu panam trlab edu pitt fa edu pitt net rmt edu pitt neurobio edu pitt sl edu plu edu plymouth edu princeton edu princeton student edu psu bd edu psu cac edu psu cas edu psu hhdcsd edu psu ma edu psu psscan edu psu rh edu psu rhbk edu psu wb edu purdue calumet edu purdue cc edu purdue cs edu ramapo edu rhodes edu ric edu rice jones edu richmond edu rit rh edu rma edu rmc edu rochester lle edu rochester optics edu rochester resnet edu rochester ssb edu rockhurst edu rose hulman laptop edu rowan edu rpi edu runet edu rutgers edu salk edu sanjuan edu sdsmt edu sdsu edu seattleu edu shu edu siu skills edu siue acrh edu sjsu edu skidmore edu slu edu spfldcol edu spu edu sru blylab edu stanford edu stevens tech cc edu stockton edu stolaf acc edu stolaf slip edu strose edu stthomas modlang edu sunysb ic edu sunysb mathlab edu svsu edu swarthmore wharton edu swt cc modem edu swt cc modem edu syr edu tamiu edu tamu edu tamu commerce edu tamu dorms edu tamu rns edu tamucc edu tcnj edu temple ppp edu tenet edu tenet isd austin edu toronto eecg edu trincoll pc edu trinity library edu tstc edu ttu acs edu ua dialup edu uark edu uark engr edu uc cas edu uc occ edu uc slip edu ucar edu ucdavis edu ucf ist edu uchicago edu uchicago cs edu uchicago lib edu uchicago rh edu uci acs edu uci ece edu uci gse edu uci hsg edu uci ps edu uci slip edu ucla anderson edu ucla oac commons edu ucla resnet edu ucla seas edu uconn ppp edu ucsb ip edu ucsb mcl edu ucsb psych edu ucsb resnet edu ucsc edu ucsd extern edu ucsd reshall edu udayton udri edu udel edu udel mcdowell edu udel nss edu udel russ edu udel smyth edu ufl circa edu ufl nerdc edu ufl ucet edu uga botany edu uga honors edu uh cl edu uh public dialups edu uic cba edu uic ccc edu uic dialin edu uic eecs edu uiowa medadmin edu uiowa weeg edu uiuc cen edu uiuc csh edu uiuc cso edu uiuc history edu uiuc isdn edu uiuc library edu uiuc life edu uiuc math edu uiuc ncsa edu uiuc scs edu uiuc slip edu uiuc sws edu uiuc urh edu ukans cc edu ukans estcmp edu uky edu uky cc edu umass ecs edu umass oit edu umass remote edu umassd dorm edu umd edu umd dial edu umd dorm edu umd eng edu umd physics edu umd wam edu umich engin edu umich rehsall edu umich reshall edu umich umd edu umkc edu umkc teeth edu uml edu ummed edu umn cee edu umn d edu umn dialup edu umn itlabs edu umn micro edu umn mrs edu umn reshalls edu umn tc edu umsl edu unbc lab edu unbc res edu unc lib edu uncg edu unf edu unh edu unl edu unm edu unomaha edu unt art edu unt dialup edu unt hsc edu uoregon edu upenn press edu upenn resnet edu upenn seas edu upenn ullab edu upenn wistar edu usc edu usc hsc edu usf cfr edu usu dorms edu usu nb edu usu xy edu uta edu utah cc edu utah mlmc edu utexas arlut edu utexas cc edu utexas ece edu utexas facsmf edu utexas lib edu utexas ma edu utexas ots edu utk bf edu utk lib edu utmem edu utulsa net edu uvi edu uwm csd edu uwm esl edu uwsp edu valpo rh lan edu vanderbilt cas edu vanderbilt ltc edu vcu acw edu virginia acc edu virginia bootp edu virginia cs edu virginia drdr edu virginia itc edu vt cns sl edu washington cac edu washington cs edu washington dhcp edu washington student edu washington u edu wcu edu wednet osd edu wellesley edu westmont edu wfu net edu williams edu wilpaterson edu wisc net edu wisc physics edu wisc resnet edu wittenberg edu wiu edu wku brh edu wm edu wmc edu wmpenn edu wpi edu wpi res edu wsu edu wsu mceachern edu wsu scs edu wustl edu wvnet dialup edu wvu acc edu wwu wce edu wwu xtrn edu wwu xtrn edu yale cis edu yale hgs edu ysu ee estnet ip ee estpak ee pep ee rk ee uninet eg gov idsc es arrakis es asertel es cafeinternet es cica es ctv es dragonet es fut tinet bcn es ibernet es ibernet ttd es iponet es lander es leader es recol es redestb es redestb es redestb es redestb es redestb es redestb es redestb mad es seric es servicom bcn es servicom inf es teleline es uax es uji aje es unav es unican digteg es upc es uv ci es xtec infovia fi aanekoski aanet fi avancer fi clinet fi cop fi eunet fi funet fi helsinki pc fi hit fi hut fi hut tky fi icenet fi icl fi inet fi jns fi joensuu fi jypoly ksaol fi jyu keltti fi kolumbus fi mtv fi netlife fi nokia tele fi opoy isdn fi oulu fi pitek fi pspt fi sci hdyn fi sci pp fi sit fi solutions fi stuk fi tele th fi tut cc fi uta fi utu toklpub fi utu yok fr alienor fr atlantic line fr bart pm fr cedocar fr cgs inforoute fr cies fr cirad fr club internet hexagone fr club internet neuilly fr cnrs fr cyberaccess fr devinci fr ens lyon fr ensam chalons fr enssat fr esiea fr fc net fr france fr francenet fr grolier fr gulliver fr hol par fr icor fr imag fr imaginet paris fr infonie fr inria fr isg fr jetmultimedia fr jussieu ac idf fr u nancy iuta fr univ angers net fr univ avignon fr univ fcomte fr univ nantes sante fr univ rennes fr wanadoo gov bnl pe gov bop gov census gov epa nar gov epa ne bld gov fcc gov fdic gov fnal gov ftc gov house gov hud gov inel gov jccbi mpb gov lbl gov nasa arc gov nasa ivv gov nasa jpl gov nasa lerc gov nasa nas gov ncifcrf gov ssa gov usgs cr gov usps gr compulink gr forth iceht gr hol hal gr hol ppp gr kapatel hk com ppn hk com ptg hk edu cuhk csc hk edu hkbu hk edu ied hk edu polyu hk net att hk net gateway hk net glink hk net info hk ust hk ust cs hr fesb hr srce hr tel hu bme dial hu bme sch hu c hu elte hu kando obuda hu matav hu matav net hu pgsm hu pote hu titasz hu westel id co satelindo id net idola id net indo bandung id net indo jakarta gatsoe id net rad id net rad dialin ie eunet ie indigo ie indigo limerick ie iol cache ie rtc galway ie ucc il ac il co actcom haifa il gov export il net access il net advantis il net inter il net netvision pop il net netvision pop b il net netvision pop il net netvision pop net vsnl hi rhi asianet asy cimone connet ctonline dada dinonet dsnet ebi enjoy enter inet interbusiness tol iol isnet itc itnet pn iunet krenet krenet ts mediacom microelettra ms zia neomedia nettuno bl nettuno re nettuno vi nsoft ouverture poliba polimi cdc procom sinergia ppp sistemia stm systemy telecomitalia csai telnetwork tvol unimi csi uniroma chem unitn ing unive dsi vol vol intelnet jp ac aoyama bb jp ac bunkyo shonan jp ac chiba u ll jp ac dokkyo jp ac doshisha jp ac fish u jp ac fpu cis jp ac hit u ts jp ac ishikawa nct cen jp ac iwate u agr jp ac kanagawa u adm jp ac keio med rcn jp ac keio sfc jp ac keio st mc jp ac kinran jp ac kumamoto u eecs jp ac kyoto su jp ac kyushu u med jp ac kyushu u nc jp ac marianna u jp ac metro u wsc jp ac muroran arch jp ac n fukushi jp ac niigata u ed jp ac niigata u eng jp ac niigata u sc jp ac nippon ec jp ac osaka gu ast jp ac osaka sandai jp ac osaka u eng ccm jp ac osaka u es chem jp ac osaka u odins jp ac ritsumei jp ac saga u ec jp ac saga u jp ac seikei ee jp ac shiga u biwako jp ac shizuoka inf cs jp ac shukutoku ccb jp ac sophia cc jp ac sut kagu ee jp ac sut noda ph jp ac sut osha ed jp ac tamagawa lit jp ac titech ss jp ac titech ss vdc jp ac tiu jp ac tohoku bios jp ac tokiwa jp ac toyama nct jp ac u tokai fh jp ac u tokyo f jp ac uec ee jp ac waseda sci jp ac ygu jp ad expo pap hn jp ad intergate jp ad mesh chb jp ad mesh kb jp ad mesh kng jp ad mesh sp jp ad mesh stm jp ad mesh tk jp ad mesh tk jp co advanet jp co ascii jp co cac jp co canon sales jp co canon jp co cec ltd sagamino jp co ddi jp co densho jp co denso jp co fujitsu jp co gartner jp co hitachi jp co hitachi jp co hitachi metals jp co hitachi sk educ jp co hitachizosen jp co ihi jp co inoda coffee jp co intec jp co jsys jp co mc soft jp co mew jp co mhi jp co mitsubishi jp co mjs jp co mmc jp co mooon jp co mtm jp co n net jp co namco jp co nec gate jp co nmt jp co nnr jp co ntt noc jp co nttdocomo jp co oki jp co omron wg h jp co oracle jp co osakagas jp co peace jp co ricoh jp co ricoh tn jp co sanyo jp co sir jp co sumiden jp co takashimaya jp co tg inet jp co toshiba jp co xcat jp go eanet jp go mpt jp go nal jp ne sannet neyagawa max jp across jp aif jp aimnet jp alles osaka jp alles tsu jp asahi net jp ask jp attnet kadena jp attnet kadena gate jp attnet yokota gate jp awave jp bekkoame jp bnn net jp coara jp cosmosnet jp daiichi net jp dtinet jp dtinet fujisawa jp dtinet fukuoka jp dtinet maebashi jp dtinet nagasaki jp dtinet nagoya jp dtinet omiya jp dtinet sagami jp dtinet tokyo jp ecomnet jp felix jp fitweb jp fsinet jp fuji mt jp galaxynet jp globe jp hatelecom jp highway jp icity jp iijnet jp iijnet n jp iijnet n jp imasy jp index jp infoaomori jp infopepper tokyo jp inforyoma jp infosphere jp infotrans jp infoweb ppp jp infoweb x jp interlink max matsuyama jp interlink max osaka jp interlink max tokyo jp interlink max tokyo jp interq jp jeida jp join jp jomon jp jp club jp justnet jp kojin jp ktarn dp jp kyoto inet jp marimo jp marinet jp mbn kumamoto jp mbn osaka jp mbn tokyo jp mcgroup jp mediawars jp msn jp netfarm jp rim cc jp rim kh jp rim kt jp rim na jp rim jp rim yk jp sainet jp sakuranet jp scan net spm jp seikyou jp shizuokanet jp net jp net ap pppp jp soeinet jp tcp ip tyhs jp threewebnet osk jp threewebnet tky jp tohkatsu jp umi jp urban jp urban ymg jp usen net tk jp vega jp warp jp wellmet jp win jp wombat jp xaxon net kyoto jp xaxon net osaka kr ac kaist kr co ctk kr co dacom kr co hansol kr co kli kr co kol kr co kolon kr co nowcom kr co unitel kr nm kren kr sirip ky candw dialup lk eureka lt ci lu innet lv lv bkc lv cl lv tkom rig ma alakhawayn mil af acc mil af eglin mil af hanscom mil af osan mil af usafa mil arl mil army ansbach katterbach ts mil dla dcro mil dla dfsc mil dla disc mil navy nadn mil navy nola cnrf mil navy nps cs mil navy nrl mil nosc mil pentagon js mil pentagon sam mil usace mx com eic mx com pvnet mx com tamnet mx itesm mty mx net data mx net infosel mx net sci jaring jaring brf jaring brf jaring glg jaring glg jaring jrc jaring ptl jaring ptl usm cs net rivers net aa net abts net acadia net accel net accent net access dialup net accessus net achilles net acnet net acsc net advantis us ca net advantis us ny net aeneas net agate sdi net agt net ais chi net ala net alaska net albany net algoma net alltel net aloha u net altair net alter dynip va ffx max net america net ameritel net ameritel net ameritel net angel ts net apci net apk net apk medina net arctic net arias net aristotle net arn net aros net aros slc net artesia pma net artnet net asiaonline net athenet net athens net att dial access az phoenix net att dial access ca los angeles net att dial access ca los angeles net att dial access ca los angeles net att dial access ca san diego net att dial access ca san francisco net att dial access ca san francisco net att dial access ca san francisco net att dial access ca san francisco net att dial access ca san francisco net att dial access ca san francisco net att dial access ca san jose net att dial access ca san jose net att dial access fl miami net att dial access fl miami net att dial access fl orlando net att dial access fl orlando net att dial access fl orlando net att dial access fl orlando net att dial access fl orlando net att dial access ga atlanta net att dial access ga atlanta net att dial access ga atlanta net att dial access ga atlanta net att dial access ga atlanta net att dial access ga atlanta net att dial access il chicago net att dial access il chicago net att dial access il chicago net att dial access il chicago net att dial access il chicago net att dial access mi detroit net att dial access mn minnesota net att dial access mn minnesota net att dial access mo bridgeton net att dial access mo bridgeton net att dial access mo bridgeton net att dial access mo bridgeton net att dial access mo bridgeton net att dial access mo bridgeton net att dial access mo bridgeton net att dial access mo bridgeton net att dial access mo bridgeton net att dial access mo st louis net att dial access mo st louis net att dial access mo st louis net att dial access mo st louis net att dial access mo st louis net att dial access mo st louis net att dial access mo st louis net att dial access nc charlotte net att dial access ny new york net att dial access ny new york net att dial access ny new york net att dial access ny new york net att dial access ny new york net att dial access ny new york net att dial access ny new york net att dial access ny new york net att dial access ny new york net att dial access oh columbus net att dial access portland net att dial access portland net att dial access tx dallas net att dial access tx dallas net att dial access tx dallas net att dial access tx dallas net att dial access tx dallas net att dial access tx houston net att dial access tx houston net att dial access tx houston net att dial access tx houston net att dial access va arlington net att dial access va middletown net att dial access va middletown net att dial access va middletown net att dial access va middletown net att dial access va middletown net att dial access wa seattle net att dial access wa seattle net att dial access wa seattle net att ico net austasia net autoroute quebec net avana net az page net azalea net baynet net bayserve net bconnex net bctel net bellatlantic net bellsouth atl net bellsouth bna net bellsouth clt net bellsouth jax net bellsouth mco net bellsouth mia net bellsouth rdu net bellsouth sdf net bess net bihs net bitstream net bitstreet net blast net blue net bluefin net bluegrass net bluemoon net bmi net border net brandywine net bridge net bright dial net bright win net bs net bt net buffnet net bv net bweb net c zone redding net c net cableol net cancom net canweb net capcon net capecod net capital colnny net carib link net caribe net ccom net cdepot net cdsnet dip net cei net cei cro net centuryinter av net centuryinter iw net centuryinter jn net centuryinter ml net centuryinter ot net centuryinter sm net centuryinter vp net centuryinter wi net cetlink net cgocable net charm net cheney net chesapeake net cheshire net chevalier net chilepac net citenet net citynet net citytel net cland net clara net clark net clic qbc net clinic net clipper net cmc ontario net cnsnet net co net cococo net colba net communique sli net community solano net compmore net compu net computek net comsource net concentric net connex barrie net contact net coqui net corpcomm net cpis net cpnet net cppp net cppp net cppp net cppp net creative net crosslink us va fredericksburg pm net csinet net csolve net csra net ct net ctc mundo net ctinet net cut net cyberbeach net cyberbeach sudbury net cyberdrive net cyberhighway frd net cyberhighway rpt net cyberhighway sle net cybernex net cyberportal net cyg net d n net datastream net datasys net davlin net dbtech net del net delta net demon www net dialin barnstaple net dialin newbury net dialin ramada net dialin swansea net dialnet net dialsprint net dibbs net digex cnj net digex slip net digimag net digisys net digital net dimcom pm pm net directnet wa kennewick canyon view es net directnet wa kennewick vista es net dracnet net dsuper net dtc net durham net dwave net dwx net e z net earthlink net earthlink dynip us ca pasadena max net easyway net ebicom net ebtech net echo net ecom net edge tull net edp net ee columbus net elim net en net enter net enterprise net eon planet ascend max net eos net epix net eri center net eri dayton net eri spring net erie net esva net eu austria net evansville net exis net express news net expresslink net ezaccess net ezin net eznet roc tc net fast net fastrans net fdt gnv ts net fgi net fia net fidalgo net flash net fn net free speach net frontiercomm dialup net frontiernet roc dial net fsm net ftn net fuse net future net fyi net g net net gamewood net gate net gatewy net gcip net gdi net generation net genesisnetwork net georgian net getonthe ctg net ghg net gil net gis net global one br net global net globalent net globalserve net golden net goldengate net greenepa net grid atln net grid dlls net groupz net gte net gte pac net gti net gtn net gtwn net guam kuentos net guate net gulf frontier net gulf fwb net gulf pcola net gv net gvi net gweep net gwi net harborcom net helix net hhs net hicom net hit net hiwaay net hkabc net hkstar net hocking net hom wr net hooked ppp net hookup lon net hookup tor net hoosier net hsonline net hutchtel net hyundai net dh access net wave net net iac net iadfw ppp net iag orl net iagnet dp net iamerica net ianet net ibasys net ibm br ri net ibm br sp net ibm ca bc net ibm ca net ibm ca pq net ibm ch bas net ibm es ma net ibm id jk net ibm il tel net ibm nl ut net ibm pe li net ibm se net ibm uk net ibm uk pt net ibm us az net ibm us ca net ibm us ct net ibm us dc net ibm us fl net ibm us ga net ibm us ma net ibm us mi net ibm us mn net ibm us mo net ibm us nc net ibm us nm net ibm us ny net ibm us pa net ic net ic ply net ican hamilton net ican montreal net ican ottawa net ican sudbury net ican toronto net ican toronto net ican toronto net ican toronto net ican toronto net icanect mia ascend pool net icanect mia ascend pool net icanect mia ascend pool net ici net icix net icon stl net iconn net iconnect net iconnet net icsi net idir idtslw net ids pvd ri net idt chr ts net idt dfw ts net idt fpk ts net idt hob ts net idt hou ts net idt la ts net idt la ts net idt lwd ts net idt nyc ts net idt nyc ts net idt nyc ts net idt nyc ts net idt ph ts net idt suf ts net ifx net iglobal net iglou net igs blvl net igs hawk net igs king net igs osha net igs simcoe net igs windsor net ij net ilinks net illini dialip net imag net imaxx net imcnet net ime net img net imperium net imt net net net net inav net incentre edm net indy ts net inetdirect net infi cid net infi csg net infi ekx net infi fay net infi hfd net infi orf net infi phl net infi richmond net infi roanoke net infoave ncbldw r net infoave ncbrvr r net infoave nccncr r net infoave sccht r net infoave scmbch r net infoave scrchl r net infoave scrchl r net infoave scsctn r net infoave scsumt r net infocomm net infonline net infoshare net insync net intcomm cc net intelenet net intercom net interl net interlaced net interlink net internetland net internetpro net interpath net interrural net intplsrv net intrnet sparta iso net inxpress net iocenter dial net ionet net ionline net iosphere net ipass net iphil net iquest net isdn tncsn net iserv net isl net island net island north net island port net isle net ismi net isp net itinet net itl jsy net iu net ix cin sms net ixi net jersey net jetlink net junction net kalmar net kctera net kdcol b cs net kdcol io cs net kdsi net kent net kersur net keyway net kih net kiva paoli net kos net lamere net lancite net lava net lax net lcs net leonardo net li net lightspeed net lightstream net linkonline net ls net ltec interlinc net lvdi net maas net magicnet net maui net maz net mc net mcb net mci atlanta net mci boston net mci boston mix net mci campus auburn net mci campus cabrillo net mci campus ecu net mci campus pad uky net mci campus snaustel net mci campus som uky net mci chicago net mci chicago net mci kansascity net mci losangeles net mci newyork net mci washington net mci willowsprings mix net mcleod net mclv net mcn net means net megalink net megalinx net megsinet net mem net mhv net mich dialip net michweb net micron boi net micron emm net micron ket net micron mtn net micron nam net micron shl net microtec que net midamer net midohio net midplains net midusa dodgecity net midusa goldenbelt net midusa laharpe net midusa mcpherson net midusa rainbow net midusa salina net midwest net mind net mindlink abb net mindlink nwm net minn net mint net mis net mistic net miworld net mns culpeper net mns richmond net mnsi cha net mnsi sar net mnsi win net mo dialip net moa ouhub net moosenet net mr nas net mts net multiweb net nac net nai net nando net naples net naples annex net nauticom net net nb net nbn net ncia net ncn net negia net neocomm net net connect net net link net net net netacc net netfox net netgate net netins dialup net netnet net netpath net netroute nebula net netshop net netsync net netten net netunlimited net netusa net netutah net newcomm net newnorth net newreach florida net newulmtel net niagara net niia net nl rotterdam net nlanr cache net nortel net npcc net ns net nt net ntrnet net nuri net nwinfo net oasisinc net ohio cleveland respool net okanagan net ols net olympic net omnes maltanet net one access net onlinemagic net onlink net onramp net onramp hstntx net oracle net oregontrail net oro net outer la net ozemail proxy net pacbell anhm net pacbell grdn net pacbell hywr net pacbell irvn net pacbell lsan net pacbell okld net pacbell psdn net pacbell rdcy net pacbell rvsd net pacbell scrm net pacbell sndg net pacbell snfc net pacbell sntc net pacbell vntrcs net pacbell wnck net pacificcoast net pacificnet net packet net pacwan net patriot net pcis net pcisys net pcl net pcpros net pcusa net pe net peoples net perigee net peterboro net pgh net ph irf net phoenix net phoenix galv net phoenixnet net pi net pionet net planet net polaristel dialup net polaristel karlstad net ponyexpress net powerweb net pragma net premier net premiernet net pria net primary net primecomm net primeline net probe net prodigy net prodigy blue net prodigy la net prodigy nyc net prodigy ykt net promedia net provide net prtc net ps net psci net psi canada dialup toronto net psi ny new york net psi ny new york net psi ny new york net psi ny new york net psi pub ip al greenville net psi pub ip ca san diego net psi pub ip ca santa ana net psi pub ip co denver net psi pub ip ct harford net psi pub ip dc washington net psi pub ip fl saint petersburg net psi pub ip fl sarasota net psi pub ip il chicago net psi pub ip ma isdn boston net psi pub ip md belair net psi pub ip mi detroit net psi pub ip mi pontiac net psi pub ip nc triangle park net psi pub ip ny albany net psi pub ip ny buffalo net psi pub ip tn nashville net psi pub ip va herndon net psi pub ip va richmond net psi uk cambridge net psn net ptd net ptd net ptd cli net ptd con net ptd eph net ptd haz net ptd leh net ptd pot net ptd spa net ptd str net ptd sun net ptialaska kodiak net ptialaska sitka net ptialaska soldotna net qtm net quix net radiks net rahul net rapidnet net rci enr net reach net realtime net redrose net rgv net rica net ricochet net rmci net rmi net rmrc net rof net rosenet net rpa net rust net sabre net sagelink net sat net satcom net saturn net sccoast net scescape ppp net schoollink net scott net scsn net scv net sdln net sedona net sequel infocom net sfi net sgi pgh net shelby net shentel net shore net sierra net sierranet net silk net sirinet net sj coop net sky net skyenet net skyinet net skyinet qzn mb net skyinet qzn mb net skypoint net slip dialup net sloc csu humbol net snet net snider net snip net snowcrest hamburg net snowcrest losmolinos net sockets net sojourn net soltec dnv net sonic pm net sonic pm net sonic pm net sonic pm net sonic pm net sonic pm net sos net southwind net sover bratt net sover burl net sover rut net spacestar mpls net spacestar riverfalls net spectra net spidercom net spiders net spindle net srv net ssnlink ppp net starpoint net startext net state net stic net stratos net sunline net super hk net superior net superlink net swbell hstntx net swbell kscymo net switchtech portmaster net swlink net swweb net taipeinet net tcccom net tds blrg net tds co net tds indy net tds madison net tds mill net tds peop net tds utelco net tds wolv net teclink net teleplex net terranet net terraport net tetranet net texas sat net texasonline net tfs stjoe net tgn net thegrid net themall net theramp net tiac net tip dial net tip ita net tis hsv net tld net tnis net together ramp net tomco net toolcity net topnet net torfree net total mtl net total que net trellis net tvs net twave net txdirect net tyler net tyrell tyrell net ultra net ultra ma wor net ultra nh mnh net ultra nh nsh net ultra nh prt net ultratech ott net uninet net unlimited net net usaor net usit dynamic net uslink net uswest davis net uswest mn net utah inter net utech net uu ms az phoenix max net uu ms bc vancouver max net uu ms bc vancouver max net uu ms ca los angeles max net uu ms ca los angeles max net uu ms ca los angeles max net uu ms ca los angeles max net uu ms ca los angeles max net uu ms ca los angeles max net uu ms ca los angeles max net uu ms ca los angeles max net uu ms ca los angeles max net uu ms ca los angeles max net uu ms ca los angeles max net uu ms ca san diego max net uu ms ca san diego max net uu ms ca san francisco max net uu ms ca san francisco max net uu ms ca san francisco max net uu ms ca san francisco max net uu ms ca san francisco max net uu ms ca san francisco max net uu ms ca san francisco max net uu ms ca san francisco max net uu ms ca san francisco max net uu ms ca santa clara max net uu ms ca santa clara max net uu ms ca santa clara max net uu ms ca santa clara max net uu ms ca santa clara max net uu ms ca santa clara max net uu ms ca santa clara max net uu ms co denver max net uu ms co denver max net uu ms co denver max net uu ms dc washington max net uu ms dc washington max net uu ms dc washington max net uu ms dc washington max net uu ms dc washington max net uu ms dc washington max net uu ms dc washington max net uu ms dc washington max net uu ms dc washington max net uu ms fl miami max net uu ms fl orlando max net uu ms fl orlando max net uu ms fl orlando max net uu ms fl orlando max net uu ms fl orlando max net uu ms ga atlanta max net uu ms ga atlanta max net uu ms ga atlanta max net uu ms ga atlanta max net uu ms ga atlanta max net uu ms ga atlanta max net uu ms hi honolulu max net uu ms il chicago max net uu ms il chicago max net uu ms il chicago max net uu ms il chicago max net uu ms il chicago max net uu ms il chicago max net uu ms il chicago max net uu ms il chicago max net uu ms il chicago max net uu ms il chicago max net uu ms il chicago max net uu ms indianapolis max net uu ms la new orleans max net uu ms la new orleans max net uu ms ma boston max net uu ms ma boston max net uu ms ma boston max net uu ms ma boston max net uu ms ma boston max net uu ms ma boston max net uu ms mb winnipeg max net uu ms mi detroit max net uu ms mi detroit max net uu ms mi detroit max net uu ms mi detroit max net uu ms mn minneapolis max net uu ms mn minneapolis max net uu ms mn minneapolis max net uu ms mn minneapolis max net uu ms mn minneapolis max net uu ms mn minneapolis max net uu ms mo kansas city max net uu ms mo kansas city max net uu ms mo kansas city max net uu ms mo kansas city max net uu ms mo kansas city max net uu ms nc raleigh max net uu ms nc raleigh max net uu ms nc raleigh max net uu ms nj newark max net uu ms nj newark max net uu ms nj newark max net uu ms nj newark max net uu ms ny new york max net uu ms ny new york max net uu ms ny new york max net uu ms ny new york max net uu ms ny new york max net uu ms ny new york max net uu ms ny new york max net uu ms ny new york max net uu ms oh cleveland max net uu ms oh cleveland max net uu ms oh cleveland max net uu ms oh cleveland max net uu ms oh cleveland max net uu ms oh cleveland max net uu ms oh cleveland max net uu ms ottawa max net uu ms toronto max net uu ms toronto max net uu ms toronto max net uu ms toronto max net uu ms toronto max net uu ms portland max net uu ms portland max net uu ms portland max net uu ms portland max net uu ms portland max net uu ms pa philadelphia max net uu ms pa philadelphia max net uu ms pa philadelphia max net uu ms pa philadelphia max net uu ms pa philadelphia max net uu ms pa philadelphia max net uu ms tx dallas max net uu ms tx dallas max net uu ms tx dallas max net uu ms tx houston max net uu ms tx houston max net uu ms tx houston max net uu ms tx houston max net uu ms tx houston max net uu ms tx houston max net uu ms tx houston max net uu ms ut salt lake city max net uu ms wa seattle max net uu ms wa seattle max net uu ms wa seattle max net uu ms wa seattle max net uu ms wa seattle max net uu ms wa seattle max net uu ms wa seattle max net uu ms wa seattle max net uu ms wa seattle max net uu ms wa seattle max net uu ms wa seattle max net uu ms wa seattle max net valley net valley internet net value net vbc uk net venus net videotron mmtl net videotron mmtl net videotron mmtl net videotron mque net videotron mreg net videotron mreg net vircomm net virgin tch net viser net visi nn net visi orf net vistech net vnet net vni net voyager net voyageronline chatt net voyageronline nash net vsta net wa net warwick net wbs net wcnet net wctc net webbernet net webgate net webspan nj nwk net webstersite net webtv alma iap net webtv alma isp net webtv bryant iap net webzone ppp net webzone ppp net weir net wenet ppp net west vta net wf net whidbey net net dal ann net dal max net wic net wilmington wisedial net win net wm net world net world net net worldlynx net worldnet net worldramp net wt net wtp net xsite net zebra net ziggycom net ziplink net zoomnet jackson nl ash nl bart nl bart nl bart gld pm nl cornnet nl cuci nl euronet nl flnet drn nl globalxs composer nl globalxs minerals nl globalxs startrek nl hhs si nl hro ptf nl hwb nl ikon nl improve nl ksla nl kub nl kun extern nl nhl tem nl rijnhaave nl rug ub nl ruu cc nl shell nl snr nl surfnet nic nl telebyte nmg nl tip pop nl tno voeding nl tudelft geo nl tudelft tn nl utwente ct nl utwente el nl utwente el ice nl utwente pczaalciv nl utwente student nl uva amc nl vu cs nl worldaccess nl worldonline nl xs nl xs dial nl zeelandnet bi dmmh dnv nauticus eunet fagernes pm eunet gjovik pm hials hibo hihm luh himolde hin hint samf hiof hist alu hitos lutd intercom lakenet mimer sykkylven na nta online saga sn sn ppp statoil telenor telepost uio uio ifi uninett unit avh vestdata vgs bergen tekniske vgs frydenberg vgs fyllingsdalen vgs kvadraturen vgs volda ns nz ac whanganui nz co bates nz co igrin nz co ihug nz co midland nz co plain nz co wave nz co xtra nz net clear org afn org apc glas org archive org autobahn org cfa k perham org dorsai ppp org ecicnet org eee org efn org foodtrain org fuhsd org gnofn org golden org guthrie org hal pc org helix org herd org hra org ieee mis org igc org ignatius org io net b org io net org io net b org ipsd org iti org jeffnet org kern org korrnet org kpscal org kvnet org kymtnnet org lafn org lhric org macatawa org meettoledo org michiana org mntm canby org mtn org nlc org nmaa org northnet canton org northnet saranac org nslsilus org nuqneh org oclc dev org oeddev org osfn org park org rcpl org rollanet org slctech org smud org stdl org stez org telis org undp org unesco org unicc org w org wcnet org whro org worldbank org wpcusrgrp pe edu pucp cc ph com compass ph com manila ph com online ph edu dlsu ph net pworld pl edu agh zarz pl edu pw ia pl gda amg farmacja pl krakow v lo pl poznan ae pl telbank pl ternet wro pl tpnet katowice pl tpnet olsztyn pl tpnet warszawa pl tpsa cst pl waw optimus pl wroc pwr ds pt ip portimao pt telepac pt utl ist ro cisnet ro interbit ro museum ro soroscj ro sorostm ru ac pstu ru botik ru dialup ru florin ru isf ru mipt fupm campus ru nsu cclib ru orc ru rssi ioffe ru space lz ru ural se algonet se algonet ppp se ange se bastad se chalmers ios se communique se dalnet se dataphone se datastugan se datasvar se ericsson edt wise se falun utb se goteborg educ se goteborg educ munkeback ped se goteborg flatasskolan se gu adb se hb ing se hb shv se hgs se hgs triangeln se hh se hhs se hik mc se ite se hj ed ihh se hj ing se hoe se htu thn se hv se hv tufvan se ibm se jakgym se jonkoping se karlskrona se ki mbb se kiruna dial se konfac se kth ele se kth modempool se kth regplan se lhs se ljusdal se lls se lu student se luth anl se luth ludd se malmo se mdh se mdh idt se mdh iea se mh ntostud se nacka se oden se one se pi sth se qd kd se saab air se sandvik se sebank se skelleftea se sll lk se sll pol se stockholm asogy se swipnet se telia se telia north se telia west se tkgbg se tripnet se uddevalla ostrabo se umu ekzool se uppsala mk se uu student se vaxjo datortek se volvo se vpress sg ac ntu sg com cybertrek sg com cyberway sg com singnet sg com swiftech sg com yas sg gov jtc sg net pacific si arnes si edus lj sser si insert kk si uni lj kiss vppp sk isternet sk utc su demos su msk itco su msu cs su msu econ su msu math th ac ku cpe th co inet th co loxinfo th net ksc th nectec tr net tele tt net tstt tw com ttn tw edu nctu tw edu nctu csie tw edu ncu cc ua kharkov uk ac barnet uk ac bath uk ac bham uk ac brad dial uk ac cam cup uk ac cam dow uk ac cam joh uk ac cam pem uk ac cfldcol uk ac dur uk ac glam prop uk ac hensa uk ac hull msd uk ac hull ucc uk ac lancs uk ac livjm cms uk ac lut uk ac mcc uk ac napier uk ac nottingham uk ac nottingham ccc uk ac ox eng uk ac qeliz uk ac qmw dcs uk ac regents uk ac rl sci uk ac sanger uk ac shef uk ac st davids coll uk ac staffs soc uk ac susx central uk ac swan uk ac tamesidecollege uk ac uea cru uk ac unl uk ac wlv uk co uk co ascom telecom uk co bogo uk co cm net uk co compulink uk co demon uk co digital uk co dircon uk co dircon pool uk co easynet uk co frontier networks uk co icl uk co interalpha uk co kc ltd uk co marston uk co mitel uk co netcomuk uk co netcraft uk co onlinemagic uk co pol c r uk co pol c r uk co pol c r uk co rmplc uk co sol uk co technocafes uk co teletext uk co ukonline uk co vossnet uk co zensys sartre uk co zetnet uk gov csl uk gov hm treasury uk gov nics uk gov norfolk uk org ukpats us al mobile maf us az chandler ci us ca cc nvc dialin us ca k us ca k dsusd us ca k lausd us ca k luhsd us ca k montebello us ca k sbceo us ca k sdcs us ca k svusd us ca san diego co us ca ventura co us co k w mis us fl alachua co us fl cc brevard us fl cc seminole us fl k brevard us fl lib ccla us fl tlh freenet us ga k wayne high wayne us hi honolulu iolani us ia cc dmacc us ia k bettendorf hs us ia k st ansgar us ia k stanton us ia k wapello us ia k wdm us il k cmi jeffersn us il k lth us il k ms us il state isbe us state doe us ks state kdhe us la k nat us la lib calcasieu us la state deq us ma k pvt bancroft us md ha co us md lib us k gsb us k pvt george stevens us k sad dirigo hs us k sad carrabec us state ddp us mi k us mi k fps us mi k kamsc us mi k tps us mi newaygo us mi newaygo k grant us mn burnsville ci us mn duluth cp us mn k buffalo us mn k centennial us mn k edina us mn k fridley us mn k isd us mn k minnetonka us mn k osseo us mn k pvt breck us mn k shakopee us mn k sowashco us mn k stfrancis us mn k stlpark us mn k ties us mn lib ramsey us mo k nkcsd us ms k doe msms us ms state itsd us nc k buncombe enkahigh us nc k guilford weaver us nc k wake enloe us nd state sao us ne cc wncc us ne k esu elk us ne k esu us ne lib lcl us nj k monroe us nj k peddie us nj lib princeton us nm cc tvi us nm k losalamos lahs us ny k pvt ionaprep us oh knox knoxnet us oh lib wpl us coos cb us k coos us k coos bay us k salkeiz us pa cc westmoreland us pa k carmichaels area us pa k downingtown us pa k jtasd us pa k lenape us pa k pvt haverford us pa k wiu us pa state coin us sc state k lex us sd k spearfish us sd state us tn cc jscc us tx cc austin us ut k logan us ut k rich rjh us va blacksburg bevc us va k montgomery us va k pen us vt k us vt state srs us wa k puyallup us wa lib kcls us wa lib spokpl us wa seattle ci us wi k abbotsford us wi k fonddulac us wi k sparta us wi k usm us wv k c us wy sheridan wave uy com adinet yu eunet za ac medunsa dental za ac nac za ac und mtb za co global net jhb anx za co za co kingsley za co mccarthy za co smartnet za co softconn za co sprintlink za co ucs za gov za pix dbn za pix pta za school wcape total transfers archive section reqs byte bytes sent requests archive section enrahlstr epthureen epthureen adam avi epthureen gifs arrow gif epthureen gifs bg gif epthureen gifs brlink gif epthureen gifs calvin gif epthureen gifs devil gif epthureen gifs dilbert gif epthureen gifs doom gif epthureen gifs duke gif epthureen gifs duke gif epthureen gifs duke gif epthureen gifs duke gif epthureen gifs duke gif epthureen gifs duke gif epthureen gifs duke gif epthureen gifs duke gif epthureen gifs hexen gif epthureen gifs hexen gif epthureen gifs hexen gif epthureen gifs hexen gif epthureen gifs hobbes gif epthureen gifs m htic gif epthureen gifs ministry gif epthureen gifs nin smal gif epthureen gifs paulhead jpg epthureen gifs q paper gif epthureen gifs q rust gif epthureen gifs q gif epthureen gifs skull gif epthureen gifs stgate gif epthureen gifs teleicon gif epthureen hexen epthureen hexen hexcon txt epthureen hexen files html epthureen hexen gifs gif epthureen hexen gifs gif epthureen hexen gifs gif epthureen hexen gifs gif epthureen hexen gifs gif epthureen hexen gifs gif epthureen hexen gifs gif epthureen hexen gifs gif epthureen hexen gifs christ gif epthureen hexen gifs hc gif epthureen hexen gifs hcnow gif epthureen hexen gifs links gif epthureen hexen gifs map gif epthureen hexen gifs map gif epthureen hexen gifs map gif epthureen hexen gifs map gif epthureen hexen gifs map gif epthureen hexen gifs map gif epthureen hexen gifs new jpg epthureen hexen gifs new b jpg epthureen hexen gifs new c jpg epthureen hexen gifs new f jpg epthureen hexen gifs new h jpg epthureen hexen gifs new jpg epthureen hexen gifs new jpg epthureen hexen gifs newb jpg epthureen hexen gifs newc jpg epthureen hexen gifs newd jpg epthureen hexen gifs newe jpg epthureen hexen gifs newf jpg epthureen hexen gifs newg jpg epthureen hexen gifs newh jpg epthureen hexen gifs pent gif epthureen hexen gifs screen gif epthureen hexen gifs test jpg epthureen hexen gifs thrednow gif epthureen hexen gifs thumb jpg epthureen hexen gifs thumb jpg epthureen hexen gifs thumb jpg epthureen hexen gifs thumb jpg epthureen hexen gifs thumb jpg epthureen hexen gifs thumb jpg epthureen hexen gifs thumb jpg epthureen hexen gifs thumb jpg epthureen hexen gifs thumb jpg epthureen hexen gifs thumb jpg epthureen hexen gifs thumb jpg epthureen hexen gifs thumb jpg epthureen hexen gifs thumb jpg epthureen hexen gifs thumb jpg epthureen hexen gifs thumb jpg epthureen hexen gifs thumb jpg epthureen hexen gifs thumb jpg epthureen hexen gifs thumb jpg epthureen hexen gifs thumb jpg epthureen hexen gifs thumb jpg epthureen hexen gifs thumb jpg epthureen hexen gifs thumb jpg epthureen hexen gifs thumb jpg epthureen hexen gifs thumb jpg epthureen hexen gifs thumb jpg epthureen hexen gifs thumb jpg epthureen hexen gifs thumb jpg epthureen hexen gifs thumb jpg epthureen hexen gifs thumb jpg epthureen hexen gifs thumb jpg epthureen hexen gifs thumb jpg epthureen hexen gifs thumb jpg epthureen hexen gifs whatsnew gif epthureen hexen index html epthureen hexen index html epthureen hexen links html epthureen hexen map html epthureen hexen screamshots html epthureen hexen shots html epthureen hexen shots arch gif epthureen hexen shots arch gif epthureen hexen shots arch gif epthureen hexen shots arch gif epthureen hexen shots arch gif epthureen hexen shots boat gif epthureen hexen shots chill gif epthureen hexen shots chill gif epthureen hexen shots chill gif epthureen hexen shots gate gif epthureen hexen shots hotspot gif epthureen hexen shots left gif epthureen hexen shots map gif epthureen hexen shots map gif epthureen hexen shots map gif epthureen hexen shots map gif epthureen hexen shots shot gif epthureen hexen shots shot gif epthureen hexen shots shot gif epthureen hexen shots shot gif epthureen hexen shots shot gif epthureen hexen shots shot gif epthureen hexen shots shot gif epthureen hexen shots shot gif epthureen hexen shots shot gif epthureen hexen whatsnew html epthureen ducky html epthureen links html epthureen oak grove epthureen oak grove close epthureen oak grove close gifs end gif epthureen oak grove close gifs sml logo gif epthureen oak grove gifs av logo gif epthureen oak grove gifs button gif epthureen oak grove gifs button gif epthureen oak grove gifs button gif epthureen oak grove gifs button gif epthureen oak grove gifs button gif epthureen oak grove gifs button gif epthureen oak grove gifs gc icon gif epthureen oak grove gifs homebann gif epthureen oak grove gifs ie gif epthureen oak grove gifs netnow gif epthureen oak grove gifs netspin gif epthureen oak grove gifs og gif epthureen oak grove gifs oglogo gif epthureen oak grove gifs surf log gif epthureen oak grove gifs wnbutton gif epthureen oak grove index html epthureen oak grove insrcs html epthureen oak grove links html epthureen oak grove map html epthureen oak grove staff html epthureen outpost zip epthureen outpost zip epthureen pants html epthureen rocket html epthureen sayings html epthureen stngat zip ajhiller ajhiller background ajhiller background cryst gif ajhiller background snails gif ajhiller background apocalyp jpg ajhiller background blue gif ajhiller background blueblk jpg ajhiller background bluegray jpg ajhiller background bluesmoo gif ajhiller background brown jpg ajhiller background calvinbk gif ajhiller background fire jpg ajhiller background fire jpg ajhiller background fire jpg ajhiller background fire gif ajhiller background firering gif ajhiller background fish jpg ajhiller background green gif ajhiller background green jpg ajhiller background greenblk jpg ajhiller background ice jpg ajhiller background ice jpg ajhiller background marblack jpg ajhiller background marblebar gif ajhiller background midnight jpg ajhiller background orange jpg ajhiller background orangebk jpg ajhiller background peacock jpg ajhiller background purple jpg ajhiller background purplebk jpg ajhiller background purplew gif ajhiller background red gif ajhiller background red gif ajhiller background red jpg ajhiller background redbkwh jpg ajhiller background redblack jpg ajhiller background redblak jpg ajhiller background redtoblk jpg ajhiller background ribs jpg ajhiller background swish jpg ajhiller background water gif ajhiller background waves gif ajhiller background whitetan jpg ajhiller donate jpg ajhiller gallery ajhiller gallery robot gif ajhiller gallery robot gif ajhiller gallery gif ajhiller gallery angela jpg ajhiller gallery bird fancy grey jpg ajhiller gallery boink gif ajhiller gallery bunnybundle jpg ajhiller gallery bunnygirl gif ajhiller gallery chun li gif ajhiller gallery clover gif ajhiller gallery cougar face jpg ajhiller gallery darkch jpg ajhiller gallery death jpg ajhiller gallery dhalsim gif ajhiller gallery diablo jpg ajhiller gallery diablo jpg ajhiller gallery diablo jpg ajhiller gallery diablo jpg ajhiller gallery diablo jpg ajhiller gallery diablo jpg ajhiller gallery diablo jpg ajhiller gallery diablovt gif ajhiller gallery donovan gif ajhiller gallery dot gif ajhiller gallery dragon jpg ajhiller gallery e gif ajhiller gallery f jpg ajhiller gallery f jpg ajhiller gallery fairchild jpg ajhiller gallery fairchild jpg ajhiller gallery fericia gif ajhiller gallery g gif ajhiller gallery gallon gif ajhiller gallery glacius gif ajhiller gallery glacius gif ajhiller gallery hanzo jpg ajhiller gallery hobbes gif ajhiller gallery jago gif ajhiller gallery ken gif ajhiller gallery ki uper gif ajhiller gallery ki glacs gif ajhiller gallery ki logow gif ajhiller gallery ki orchd gif ajhiller gallery ki uper gif ajhiller gallery kicartoon gif ajhiller gallery kicover jpg ajhiller gallery kig jpg ajhiller gallery kig jpg ajhiller gallery l gif ajhiller gallery mac f jpg ajhiller gallery mclrn jpg ajhiller gallery noa jpg ajhiller gallery orchid jpg ajhiller gallery pop gif ajhiller gallery quake gif ajhiller gallery r gif ajhiller gallery ryu gif ajhiller gallery saber jpg ajhiller gallery sakura gif ajhiller gallery sexybunny gif ajhiller gallery snug gif ajhiller gallery spawn jpg ajhiller gallery spawn jpg ajhiller gallery spinal jpg ajhiller gallery spwnagla jpg ajhiller gallery stilmov jpg ajhiller gallery tiger drinking jpg ajhiller gallery tiger near wall jpg ajhiller gallery tomb gif ajhiller gallery undead jpg ajhiller gallery y gif ajhiller gallery ys jpg ajhiller gallery ys jpg ajhiller kiglogoa gif ajhiller lightning gif ajhiller links gif ajhiller lodoss ajhiller lodoss cutedeed jpg ajhiller lodoss darklove jpg ajhiller lodoss deedlit jpg ajhiller lodoss deedlit jpg ajhiller lodoss deidlet jpg ajhiller lodoss elf lite jpg ajhiller lodoss lod ash jpg ajhiller lodoss lod ball jpg ajhiller lodoss lod dtre jpg ajhiller lodoss lodoss gif ajhiller lodoss lodoss gif ajhiller lodoss lodoss jpg ajhiller lodoss lodoss jpg ajhiller lodoss lodoss jpg ajhiller lodoss lodoss jpg ajhiller lodoss lodoss jpg ajhiller lodoss lodoss gif ajhiller lodoss lodoss cd cover gif ajhiller lodoss lodoss m gif ajhiller lodoss lodossj jpg ajhiller lodoss lodossj jpg ajhiller lodoss lodossj jpg ajhiller lodoss lodossj jpg ajhiller lodoss lodossj jpg ajhiller lodoss lodossj jpg ajhiller lodoss lodossj jpg ajhiller lodoss lodossj jpg ajhiller lodoss lodossja jpg ajhiller lodoss lodossnew jpg ajhiller lodoss pic jpg ajhiller lodoss pic jpg ajhiller lodoss pic jpg ajhiller lodoss pic jpg ajhiller lodoss pic jpg ajhiller lodoss pic jpg ajhiller lodoss pic jpg ajhiller lodoss pic jpg ajhiller lodoss pic jpg ajhiller lodoss purple gif ajhiller lodoss m gif ajhiller magic ajhiller magic mtg dkblue sm gif ajhiller magic b gif ajhiller magic berserk gif ajhiller magic catacomb gif ajhiller magic g gif ajhiller magic hellkite gif ajhiller magic iguanalogo gif ajhiller magic kane gif ajhiller magic polymorf jpg ajhiller magic r gif ajhiller magic rhukegg gif ajhiller magic tap gif ajhiller magic tap gif ajhiller magic u gif ajhiller magic w gif ajhiller magic wotc gif ajhiller marblebar gif ajhiller mariah ajhiller mariah bestwishes jpg ajhiller mariah cantlg jpg ajhiller mariah carey jpg ajhiller mariah face jpg ajhiller mariah injeans jpg ajhiller mariah lovett jpg ajhiller mariah m jpg ajhiller mariah mariah txt ajhiller mariah page html ajhiller mariah sexymc jpg ajhiller mariah singing jpg ajhiller mariah wow jpg ajhiller mariah wow jpg ajhiller n link gif ajhiller n sys gif ajhiller new gif ajhiller pics ajhiller pics cougar face jpg ajhiller pics tiger drinking jpg ajhiller pics tiger near wall jpg ajhiller quake ajhiller quake consorbr gif ajhiller quake consorbr gif ajhiller quake consorlg gif ajhiller quake consort gif ajhiller quake contract gif ajhiller quake contract html ajhiller quake eyes gif ajhiller quake guy gif ajhiller quake head gif ajhiller quake head gif ajhiller quake nodragon gif ajhiller quake pent gif ajhiller quake q ally gif ajhiller quake q dot gif ajhiller quake q enemy gif ajhiller quake q filth gif ajhiller quake q grey gif ajhiller quake q lexoss gif ajhiller quake q locutu gif ajhiller quake q logobr gif ajhiller quake q gif ajhiller quake q paper gif ajhiller quake q patch gif ajhiller quake q roster gif ajhiller quake q team gif ajhiller quake q gif ajhiller quake q gif ajhiller quake q gif ajhiller quake q gif ajhiller quake q gif ajhiller quake q gif ajhiller quake q gif ajhiller quake q gif ajhiller quake q gif ajhiller quake q gif ajhiller quake qlogo gif ajhiller quake quake gif ajhiller quake quake gif ajhiller quake quake gif ajhiller quake redskull jpg ajhiller quake roster gif ajhiller quake roster ajhiller quake roster nbk gif ajhiller quake roster qwar gif ajhiller quake temp gif ajhiller quake tempindex html ajhiller quake test gif ajhiller quakenam gif ajhiller temp ajhiller temp b gif ajhiller temp abbey jpg ajhiller temp aimee jpg ajhiller temp brunback jpg ajhiller temp chrisy jpg ajhiller temp mfcinst zip ajhiller temp np gif ajhiller temp np gif ajhiller temp np gif ajhiller temp nyssa jpg ajhiller temp rhonda jpg ajhiller temp terry jpg ajhiller temp u gif ajhiller temp u gif ajhiller temp u gif ajhiller temp valerie jpg ajhiller temp veronica jpg ajhiller www ajhiller www background blueblk jpg ajhiller www background firering gif ajhiller www background peacock jpg ajhiller www background redtoblk jpg ajhiller www donate jpg ajhiller www gallery ajhiller www gallery robot gif ajhiller www gallery gif ajhiller www gallery dhalsim gif ajhiller www gallery dot gif ajhiller www gallery dragon jpg ajhiller www gallery e gif ajhiller www gallery g gif ajhiller www gallery glacius gif ajhiller www gallery ki logow gif ajhiller www gallery l gif ajhiller www gallery r gif ajhiller www gallery stilmov jpg ajhiller www gallery y gif ajhiller www kiglogoa gif ajhiller www links gif ajhiller www lodoss m gif ajhiller www magic ajhiller www magic mtg dkblue sm gif ajhiller www magic b gif ajhiller www magic berserk gif ajhiller www magic catacomb gif ajhiller www magic g gif ajhiller www magic hellkite gif ajhiller www magic iguanalogo gif ajhiller www magic kane gif ajhiller www magic polymorf jpg ajhiller www magic r gif ajhiller www magic rhukegg gif ajhiller www magic tap gif ajhiller www magic tap gif ajhiller www magic u gif ajhiller www magic w gif ajhiller www magic wotc gif ajhiller www n sys gif ajhiller www new gif ajhiller www quake ajhiller www quake consorbr gif ajhiller www quake consort gif ajhiller www quake eyes gif ajhiller www quake guy gif ajhiller www quake q dot gif ajhiller www quake q filth gif ajhiller www quake q grey gif ajhiller www quake q lexoss gif ajhiller www quake q locutu gif ajhiller www quake q gif ajhiller www quake q gif ajhiller www quake qlogo gif ajhiller www quake roster gif ajhiller www quakenam gif brgreen brgreen muppets banjo kermie jpg brgreen quotes brgreen shampoo brgreen shampoo gallery html brgreen shampoo gallery html brgreen shampoo gallery html brgreen shampoo gallery html brgreen shampoo gallery html brgreen shampoo gallery html brgreen shampoo gallery html brgreen shampoo gif brgreen shampoo gif shamp gif brgreen shampoo gif shamp gif brgreen shampoo gif shamp jpg brgreen shampoo gif shamp jpg brgreen shampoo gif shamp gif brgreen shampoo gif shamp gif brgreen shampoo gif shamp gif brgreen shampoo gif shamp gif brgreen shampoo gif shamp gif brgreen shampoo gif shamp gif brgreen shampoo gif shamp gif brgreen shampoo gif shamp gif brgreen shampoo gif shamp gif brgreen shampoo gif shamp gif brgreen shampoo gif shamp gif brgreen shampoo gif shamp gif brgreen shampoo gif shamp gif brgreen shampoo gif shamp gif brgreen shampoo gif shamp gif brgreen shampoo gif shamp gif brgreen shampoo gif shamp gif brgreen shampoo gif shamp gif brgreen shampoo gif shamp gif brgreen shampoo gif shamp gif brgreen shampoo gif shamp gif brgreen shampoo gif shamp gif brgreen shampoo gif shamp gif brgreen shampoo gif shamp gif brgreen shampoo gif shamp gif brgreen shampoo gif shamp gif brgreen shampoo gif shamp gif brgreen shampoo gif shamp gif brgreen shampoo gif shamp gif brgreen shampoo gif shamp gif brgreen shampoo gif shamp gif brgreen shampoo gif shamp gif brgreen shampoo gif shamp gif brgreen shampoo gif shamp gif brgreen shampoo gif shamp gif brgreen shampoo gif shamp gif brgreen shampoo shampin gif brgreen shampoo shampin gif brgreen shampoo swish jpg brgreen shampoo util gif purpbar gif brgreen shampoo util gif vizlogo gif brgreen util gif purpbar gif brgreen winnie brgreen winnie gif brgreen winnie gif brgreen winnie gif brgreen winnie gif brgreen winnie gif brgreen winnie gif brgreen winnie gif brgreen winnie gif brgreen winnie gif brgreen winnie gif brgreen winnie gif brgreen winnie metal marbled gif career info career info bulletinboard career gif career info bulletinboard career gif career info bulletinboard cork gif career info ibmblocks gif career info bar gif career info blue html career info blue html career info blue html career info blue html career info bluestone gif career info bulletinboard html career info graph best bg jpg career info graph devil gif career info graph sunlogo gif career info logo gif career info mathcar html cgi bin fortune hcc hjjorgen hjjorgen blue gif hjjorgen gif horvick horvick addguest html horvick guestbook html imakino imakino html imakino html imakino html imakino html imakino html imakino html imakino bluemurder j html imakino bluemurder html imakino discraimer html imakino images imakino images back jpg imakino images vers jpg imakino images bbc jpg imakino images bbc jpg imakino images bbc jpg imakino images bkcover jpg imakino images bmback jpg imakino images bmin jpg imakino images bmmid jpg imakino images boybackf jpg imakino images boybackr jpg imakino images boys jpg imakino images drawsyks jpg imakino images emblem jpg imakino images greatse jpg imakino images john shawn jpg imakino images johnjenn jpg imakino images johnphil jpg imakino images johnplay jpg imakino images johnsing jpg imakino images kids jpg imakino images logo jpg imakino images mesa back jpg imakino images mesa logo gif imakino images nbtback jpg imakino images nbtbkcov jpg imakino images nbtfront jpg imakino images new gif imakino images please jpg imakino images pleasebk jpg imakino images pleasein jpg imakino images screback jpg imakino images screfrnt jpg imakino images screin jpg imakino images screlive jpg imakino images seralbus jpg imakino images sing jpg imakino images slideamb jpg imakino images slideamr jpg imakino images slidebck jpg imakino images slidefrn jpg imakino images sykes jpg imakino images sykes jpg imakino images sykes jpg imakino images sykes jpg imakino images sykesca jpg imakino images sykesca jpg imakino images sykesliv jpg imakino images sykesset jpg imakino images thunder jpg imakino index j html imakino info j html imakino info html imakino js gif imakino lizzy j html imakino lizzy html imakino lizzyrun gif imakino mailform j html imakino mailform html imakino news html imakino newsykes j html imakino newsykes html imakino photo j html imakino photo html imakino qa html imakino qa j html imakino qa html imakino qa j html imakino qa html imakino qa j html imakino qa html imakino register html imakino scream gif imakino serpence gif imakino solo j html imakino solo html imakino sykes txt imakino sykesm gif imakino tygers j html imakino tygers html imakino whitesnake j html imakino whitesnake html imakino wslogo gif lucier mathcs mathcs mathcs faculty class mathcs facultycanvas class mathcs alumni html mathcs courses html mathcs csdegr html mathcs devil au mathcs faculty html mathcs gif bin altenburg gif mathcs gif bin blue mar gif mathcs gif bin blue pap gif mathcs gif bin cheuer gif mathcs gif bin cobber gif mathcs gif bin cygnus gif mathcs gif bin devil gif mathcs gif bin forde gif mathcs gif bin gammill gif mathcs gif bin gheuer gif mathcs gif bin haglund gif mathcs gif bin haugsby gif mathcs gif bin hornstein gif mathcs gif bin isohdrn gif mathcs gif bin mathcs gif mathcs gif bin rice gif mathcs gif bin rowell gif mathcs gif bin sinferno gif mathcs gif bin sze gif mathcs gif bin thureen gif mathcs gif bin tomhave gif mathcs gif bin zeng gif mathcs index html mathcs mathdegr html mathcs webservice html mestery mestery kyle gif mestery madlib html mestery resume html mestery rib bar wh gif mestery rib wh brdr gif mestery whopper nrahlstr opgrande opgrande bl bar gif opgrande blueball gif opgrande chromo gif opgrande john gif opgrande rib bar wh gif opgrande rib wh brdr gif opgrande spear html pthureen pthureen gifs bg gif pthureen gifs calvin gif pthureen gifs doom gif pthureen gifs duke gif pthureen gifs duke gif pthureen gifs duke gif pthureen gifs duke gif pthureen gifs duke gif pthureen gifs duke gif pthureen gifs hexen gif pthureen gifs hexen gif pthureen gifs hexen gif pthureen gifs hexen gif pthureen gifs hobbes gif pthureen gifs m htic gif pthureen gifs nin smal gif pthureen gifs paulhead jpg pthureen gifs q gif pthureen gifs skull gif pthureen gifs stgate gif pthureen gifs teleicon gif pthureen hexen pthureen hexen files html pthureen hexen gifs pthureen hexen gifs gif pthureen hexen gifs gif pthureen hexen gifs gif pthureen hexen gifs gif pthureen hexen gifs gif pthureen hexen gifs gif pthureen hexen gifs gif pthureen hexen gifs gif pthureen hexen gifs christ gif pthureen hexen gifs files gif pthureen hexen gifs hc gif pthureen hexen gifs hcnow gif pthureen hexen gifs hex sm jpg pthureen hexen gifs hex sm jpg pthureen hexen gifs hex sm jpg pthureen hexen gifs hex sm jpg pthureen hexen gifs hex sm jpg pthureen hexen gifs hex sm jpg pthureen hexen gifs hex sm jpg pthureen hexen gifs hex sm jpg pthureen hexen gifs hex sm jpg pthureen hexen gifs hex sm jpg pthureen hexen gifs hex sm jpg pthureen hexen gifs hex sm jpg pthureen hexen gifs hex sm jpg pthureen hexen gifs hex sm jpg pthureen hexen gifs hex sm jpg pthureen hexen gifs hex sm jpg pthureen hexen gifs hex sm jpg pthureen hexen gifs hex sm jpg pthureen hexen gifs hex sm jpg pthureen hexen gifs hex sm jpg pthureen hexen gifs links gif pthureen hexen gifs map gif pthureen hexen gifs map gif pthureen hexen gifs map gif pthureen hexen gifs map gif pthureen hexen gifs map gif pthureen hexen gifs map gif pthureen hexen gifs monsters gif pthureen hexen gifs new jpg pthureen hexen gifs new b jpg pthureen hexen gifs new d jpg pthureen hexen gifs new f jpg pthureen hexen gifs new jpg pthureen hexen gifs newb jpg pthureen hexen gifs newc jpg pthureen hexen gifs newd jpg pthureen hexen gifs newe jpg pthureen hexen gifs newf jpg pthureen hexen gifs newg jpg pthureen hexen gifs newh jpg pthureen hexen gifs pent gif pthureen hexen gifs screen gif pthureen hexen gifs test jpg pthureen hexen gifs thrednow gif pthureen hexen gifs thumb jpg pthureen hexen gifs thumb jpg pthureen hexen gifs thumb jpg pthureen hexen gifs thumb jpg pthureen hexen gifs thumb jpg pthureen hexen gifs thumb jpg pthureen hexen gifs thumb jpg pthureen hexen gifs thumb jpg pthureen hexen gifs thumb jpg pthureen hexen gifs thumb jpg pthureen hexen gifs thumb jpg pthureen hexen gifs thumb jpg pthureen hexen gifs thumb jpg pthureen hexen gifs thumb jpg pthureen hexen gifs thumb jpg pthureen hexen gifs thumb jpg pthureen hexen gifs thumb jpg pthureen hexen gifs thumb jpg pthureen hexen gifs thumb jpg pthureen hexen gifs thumb jpg pthureen hexen gifs thumb jpg pthureen hexen gifs thumb jpg pthureen hexen gifs thumb jpg pthureen hexen gifs thumb jpg pthureen hexen gifs thumb jpg pthureen hexen gifs thumb jpg pthureen hexen gifs thumb jpg pthureen hexen gifs whatsnew gif pthureen hexen index html pthureen hexen index html pthureen hexen links html pthureen hexen map html pthureen hexen monsters html pthureen hexen screamshots html pthureen hexen shots html pthureen hexen shots arch gif pthureen hexen shots arch gif pthureen hexen shots arch gif pthureen hexen shots arch gif pthureen hexen shots arch gif pthureen hexen shots map gif pthureen hexen shots map gif pthureen hexen shots map gif pthureen hexen shots map gif pthureen hexen whatsnew html pthureen oak grove pthureen oak grove close pthureen oak grove close gifs end gif pthureen oak grove close gifs sml logo gif pthureen oak grove gifs av logo gif pthureen oak grove gifs button gif pthureen oak grove gifs button gif pthureen oak grove gifs button gif pthureen oak grove gifs button gif pthureen oak grove gifs button gif pthureen oak grove gifs button gif pthureen oak grove gifs gc icon gif pthureen oak grove gifs homebann gif pthureen oak grove gifs ie gif pthureen oak grove gifs netnow gif pthureen oak grove gifs netspin gif pthureen oak grove gifs og gif pthureen oak grove gifs oglogo gif pthureen oak grove gifs surf log gif pthureen oak grove gifs wnbutton gif pthureen oak grove index html pthureen oak grove insrcs html pthureen oak grove links html pthureen oak grove map html pthureen pants html pthureen rocket html student cgi bin ccmail cgi student cgi bin edwards regclasssearch cgi student cgi bin edwards test cgi student cgi bin ejnelson maderic pl student cgi bin kdlucier ccmail cgi student cgi bin lucier ccmail cgi student cgi bin mestery madlib pl student cgi bin mestery stuff cgi student student back purpgls jpg student capcav gif student exoline gif student jinx gif student max gif student papasmur gif student shaggy gif sze cgi bin addmessage pl sze cgi bin alumni cgi sze cgi bin clvalum cgi sze cgi bin clvreq cgi sze cgi bin email cgi sze cgi bin prosp cgi sze cgi bin readlastweek pl sze cgi bin readthisweek pl sze cgi bin readtoday pl sze cgi bin visitors cgi sze sze box class sze editor class sze food class sze leftbox class sze linecanvas class sze obstacle class sze ovalcanvas class sze rightbox class sze shapecanvas class sze shapepanel class sze shapes class sze snake class sze snakeapplic class sze snakebox class sze snakecanvas class sze snakegame class sze tetracanvas class sze trianglecanvas class sze atu jpg sze atumom jpg sze audiotest ram sze bluffing gif sze book messageforum html sze corn gif sze galax jpg sze garfield gif sze mous gif sze odie gif sze onetapir gif sze pers gif sze raishere gif sze ruby au sze saturn gif sze sea gif sze silbub gif sze stat stat html sze super trooper mid sze swan jpg sze swn jpg sze tap gif sze tapi gif sze tapir gif sze toy gif sze twotapir gif www gifs gpslogo gif www gifs atom gif www gifs bar gif www gifs bsd gif www gifs clouds gif www gifs comp gif www gifs exit gif www gifs hot gif www gifs ibntv gif www gifs lampline gif www gifs lb gif www gifs research gif www gifs spectbar gif horgen nrahlstr pthureen pthureen adam avi pthureen gifs pthureen gifs arrow gif pthureen gifs bg gif pthureen gifs brlink gif pthureen gifs calvin gif pthureen gifs devil gif pthureen gifs dilbert gif pthureen gifs doom gif pthureen gifs duke gif pthureen gifs duke gif pthureen gifs duke gif pthureen gifs duke gif pthureen gifs duke gif pthureen gifs duke gif pthureen gifs duke gif pthureen gifs duke gif pthureen gifs hexen gif pthureen gifs hexen gif pthureen gifs hexen gif pthureen gifs hexen gif pthureen gifs hobbes gif pthureen gifs m htic gif pthureen gifs ministry gif pthureen gifs nin smal gif pthureen gifs paulhead jpg pthureen gifs q paper gif pthureen gifs q rust gif pthureen gifs q gif pthureen gifs skull gif pthureen gifs stgate gif pthureen gifs teleicon gif pthureen hexen pthureen hexen hexcon txt pthureen hexen files html pthureen hexen gifs pthureen hexen gifs animated mplayer gif pthureen hexen gifs bg gif pthureen hexen gifs gif pthureen hexen gifs gif pthureen hexen gifs gif pthureen hexen gifs gif pthureen hexen gifs gif pthureen hexen gifs gif pthureen hexen gifs gif pthureen hexen gifs gif pthureen hexen gifs gif pthureen hexen gifs christ gif pthureen hexen gifs files gif pthureen hexen gifs hc gif pthureen hexen gifs hcnow gif pthureen hexen gifs hex sm jpg pthureen hexen gifs hex sm jpg pthureen hexen gifs hex sm jpg pthureen hexen gifs hex sm jpg pthureen hexen gifs hex sm jpg pthureen hexen gifs hex sm jpg pthureen hexen gifs hex sm jpg pthureen hexen gifs hex sm jpg pthureen hexen gifs hex sm jpg pthureen hexen gifs hex sm jpg pthureen hexen gifs hex sm jpg pthureen hexen gifs hex sm jpg pthureen hexen gifs hex sm jpg pthureen hexen gifs hex sm jpg pthureen hexen gifs hex sm jpg pthureen hexen gifs hex sm jpg pthureen hexen gifs hex sm jpg pthureen hexen gifs hex sm jpg pthureen hexen gifs hex sm jpg pthureen hexen gifs hex sm jpg pthureen hexen gifs links gif pthureen hexen gifs map gif pthureen hexen gifs map gif pthureen hexen gifs map gif pthureen hexen gifs map gif pthureen hexen gifs map gif pthureen hexen gifs map gif pthureen hexen gifs monsters gif pthureen hexen gifs new jpg pthureen hexen gifs new b jpg pthureen hexen gifs new c jpg pthureen hexen gifs new d jpg pthureen hexen gifs new e jpg pthureen hexen gifs new f jpg pthureen hexen gifs new h jpg pthureen hexen gifs new jpg pthureen hexen gifs new jpg pthureen hexen gifs newb jpg pthureen hexen gifs newc jpg pthureen hexen gifs newd jpg pthureen hexen gifs newe jpg pthureen hexen gifs newf jpg pthureen hexen gifs newg jpg pthureen hexen gifs newh jpg pthureen hexen gifs newi jpg pthureen hexen gifs pent gif pthureen hexen gifs screen gif pthureen hexen gifs test jpg pthureen hexen gifs thrednow gif pthureen hexen gifs thumb jpg pthureen hexen gifs thumb jpg pthureen hexen gifs thumb jpg pthureen hexen gifs thumb jpg pthureen hexen gifs thumb jpg pthureen hexen gifs thumb jpg pthureen hexen gifs thumb jpg pthureen hexen gifs thumb jpg pthureen hexen gifs thumb jpg pthureen hexen gifs thumb jpg pthureen hexen gifs thumb jpg pthureen hexen gifs thumb jpg pthureen hexen gifs thumb jpg pthureen hexen gifs thumb jpg pthureen hexen gifs thumb jpg pthureen hexen gifs thumb jpg pthureen hexen gifs thumb jpg pthureen hexen gifs thumb jpg pthureen hexen gifs thumb jpg pthureen hexen gifs thumb jpg pthureen hexen gifs thumb jpg pthureen hexen gifs thumb jpg pthureen hexen gifs thumb jpg pthureen hexen gifs thumb jpg pthureen hexen gifs thumb jpg pthureen hexen gifs thumb jpg pthureen hexen gifs thumb jpg pthureen hexen gifs thumb jpg pthureen hexen gifs thumb jpg pthureen hexen gifs thumb jpg pthureen hexen gifs thumb jpg pthureen hexen gifs thumb jpg pthureen hexen gifs thumb jpg pthureen hexen gifs thumb jpg pthureen hexen gifs thumb jpg pthureen hexen gifs thumb jpg pthureen hexen gifs thumb jpg pthureen hexen gifs thumb jpg pthureen hexen gifs thumb jpg pthureen hexen gifs thumb jpg pthureen hexen gifs thumb jpg pthureen hexen gifs thumb jpg pthureen hexen gifs thumb jpg pthureen hexen gifs thumb jpg pthureen hexen gifs thumb jpg pthureen hexen gifs thumb jpg pthureen hexen gifs whatsnew gif pthureen hexen index html pthureen hexen index html pthureen hexen lair gif pthureen hexen link gif pthureen hexen links html pthureen hexen map html pthureen hexen monsters html pthureen hexen screamshots html pthureen hexen shots html pthureen hexen shots arch gif pthureen hexen shots arch gif pthureen hexen shots arch gif pthureen hexen shots arch gif pthureen hexen shots arch gif pthureen hexen shots arch gif pthureen hexen shots arch gif pthureen hexen shots arch gif pthureen hexen shots arch gif pthureen hexen shots arch gif pthureen hexen shots boat gif pthureen hexen shots chapel gif pthureen hexen shots chill gif pthureen hexen shots chill gif pthureen hexen shots chill gif pthureen hexen shots gate gif pthureen hexen shots hotspot gif pthureen hexen shots left gif pthureen hexen shots map gif pthureen hexen shots map gif pthureen hexen shots map gif pthureen hexen shots map gif pthureen hexen shots map gif pthureen hexen shots map gif pthureen hexen shots map gif pthureen hexen shots map gif pthureen hexen shots shot gif pthureen hexen shots shot gif pthureen hexen shots shot gif pthureen hexen shots shot gif pthureen hexen shots shot gif pthureen hexen shots shot gif pthureen hexen shots shot gif pthureen hexen shots shot gif pthureen hexen shots shot gif pthureen hexen shots throne gif pthureen hexen utils html pthureen hexen whatsnew html pthureen ducky html pthureen links html pthureen oak grove pthureen oak grove admin html pthureen oak grove close pthureen oak grove close gifs pthureen oak grove close gifs end gif pthureen oak grove close gifs sml logo gif pthureen oak grove close polinks html pthureen oak grove close ziggy html pthureen oak grove gifs pthureen oak grove gifs av logo gif pthureen oak grove gifs button gif pthureen oak grove gifs button gif pthureen oak grove gifs button gif pthureen oak grove gifs button gif pthureen oak grove gifs button gif pthureen oak grove gifs button gif pthureen oak grove gifs button gif pthureen oak grove gifs gc icon gif pthureen oak grove gifs homebann gif pthureen oak grove gifs ie gif pthureen oak grove gifs netnow gif pthureen oak grove gifs netspin gif pthureen oak grove gifs og gif pthureen oak grove gifs oglogo gif pthureen oak grove gifs oglogo gif pthureen oak grove gifs oglogo gif pthureen oak grove gifs submits gif pthureen oak grove gifs surf log gif pthureen oak grove gifs wnbutton gif pthureen oak grove index html pthureen oak grove insrcs html pthureen oak grove links html pthureen oak grove links html pthureen oak grove map html pthureen oak grove noframes pthureen oak grove noframes admin html pthureen oak grove noframes links html pthureen oak grove noframes staff html pthureen oak grove staff html pthureen outpost zip pthureen outpost zip pthureen pants html pthureen rocket html pthureen sayings html pthureen stngat zip icons server code redirected requests code bad requests code unauthorized requests code forbidden requests code found requests code server errors code implemented requests summary generated wwwstat