date thu mar gmt server apache b connection close content type text html last modified thu mar gmt etag f e ee content length accept ranges bytes graduate student directory graduate student directory student name link home page exists finger student selecting email address know add home page read instructions links start letter b c d e f g h j k l m n o p q r u v w x y z aboulnaga ashraf ashraf cs wisc edu cs ailamaki anastassia natassa cs wisc edu cs allex carolyn allex cs wisc edu ammons glenn ammons cs wisc edu cs ashwin shrinivas sashwin cs wisc edu cs atkinson philip atkinson cs wisc edu cs b bao xuemei xbao cs wisc edu cs basney jim jbasney cs wisc edu cs bauman sara dailey cs wisc edu bestor gareth bestor cs wisc edu beyer kevin beyer cs wisc edu cs bezenek todd bezenek cs wisc edu cs bhamidipati sridevi bsri cs wisc edu cs birk michael mbirk cs wisc edu cs bockrath nathan bockrath cs wisc edu cs bodner jonathan jonb cs wisc edu cs bradley paul paulb cs wisc edu cs breach scott breach cs wisc edu cs burger douglas dburger cs wisc edu cs c carl richard rcarl cs wisc edu cs chan chee yong cychan cs wisc edu cs chandra satish chandra cs wisc edu cs chandrasekar sivasankaran schandra cs wisc edu cs chen guangshun guangshu cs wisc edu cs chen honghu honghu cs wisc edu cs cheng jia jiacheng cs wisc edu cs chiang su hui suhui cs wisc edu cs chilimbi trishul chilimbi cs wisc edu cs chin chin tang cchin cs wisc edu cs chung sun sunc cs wisc edu colville scott sec cs wisc edu cs d das manuvir manuvir cs wisc edu cs deshpande prasad pmd cs wisc edu cs donaldson william wwd cs wisc edu cs donjerkovic donko donjerko cs wisc edu cs e eggleston david burnett cs wisc edu cs eliassi rad tina eliassi cs wisc edu cs f falsafi babak falsafi cs wisc edu cs finley paul finley cs wisc edu cs finton david finton cs wisc edu cs fought steven keeper cs wisc edu cs g ganti venkatesh vganti cs wisc edu cs garofalakis minos minos cs wisc edu cs geery andrew geery cs wisc edu cs gehrke johannes johannes cs wisc edu cs glass gideon gid cs wisc edu cs glew andrew glew cs wisc edu cs goldstein jonathon jgoldst cs wisc edu cs gopal sridhar gsri cs wisc edu cs gupta abhinav agupta cs wisc edu cs h harrington james jrh cs wisc edu hasti rebecca hasti cs wisc edu cs hauth amy kryder cs wisc edu cs herro james jherro cs wisc edu cs hert susan hert cs wisc edu cs hogenson kirk hog cs wisc edu cs horn jeffrey horn cs wisc edu hummert sidney hummert cs wisc edu cs ireland james ireland cs wisc edu cs ivanisevic igor iigor cs wisc edu cs j jung chun pi tjung cs wisc edu cs k kabra navin navin cs wisc edu cs kagi alain alain cs wisc edu cs karavanic karen karavan cs wisc edu cs kaxiras stefanos kaxiras cs wisc edu cs krothapalli jyothi jyothi cs wisc edu cs kunchithapadam krishna krisna cs wisc edu cs l lampert jeffrey tick cs wisc edu cs lane h chad hcl cs wisc edu cs larson johan jglarson cs wisc edu cs lawande shilpa ssl cs wisc edu cs leavy nicholas leavy cs wisc edu lee yuh jye yuh jye cs wisc edu cs li zheng zli cs wisc edu cs lin zhenhai zhenhai cs wisc edu cs lu xuelin xuelin cs wisc edu cs lukas christopher lukas cs wisc edu cs m mackay jerel jerel cs wisc edu cs manning russell rmanning cs wisc edu cs manville mark manville cs wisc edu cs martin milo milo cs wisc edu cs melski david melski cs wisc edu cs mirza saeed saeed cs wisc edu cs modi harit harit cs wisc edu cs morgan brian morgan cs wisc edu cs moshovos andreas moshovos cs wisc edu cs moy tony moy cs wisc edu muenzenberger robert rmuenz cs wisc edu cs mukherjee shubu shubu cs wisc edu cs munson todd tmunson cs wisc edu cs myllymaki jussi jussi cs wisc edu cs n nag biswadeep bng cs wisc edu cs neuman eric eneuman cs wisc edu cs newhall tia newhall cs wisc edu cs p palacharla subbarao subbarao cs wisc edu cs parker steven parker cs wisc edu cs pasupathy shankar shankar cs wisc edu cs patel jignesh jignesh cs wisc edu cs plakal manoj plakal cs wisc edu cs poosala viswanath poosala cs wisc edu prock andrew prock cs wisc edu cs r raman rajesh raman cs wisc edu cs ramasamy karthikeyan ramasamy cs wisc edu cs ranganathan arvind arvind cs wisc edu cs ratliff kelly ratliff cs wisc edu ratnakar viresh ratnakar cs wisc edu cs reames martin mreames cs wisc edu cs reminga jeffrey reminga cs wisc edu cs rotenberg eric ericro cs wisc edu cs roth amir amir cs wisc edu cs sanderson david sanderso cs wisc edu sastry subramanya sastry cs wisc edu cs schnarr eric schnarr cs wisc edu cs schoinas ioannis schoinas cs wisc edu cs seavey beverly seavey cs wisc edu seitz steven seitz cs wisc edu cs shabel jeffrey jshabel cs wisc edu cs shafer john shafer cs wisc edu shaft uri uri cs wisc edu cs shapiro marc mds cs wisc edu cs shukla amit samit cs wisc edu cs siff michael siff cs wisc edu cs sinapiromsaran krung krung cs wisc edu cs skrentny james skrentny cs wisc edu cs bryan cs wisc edu cs sodani avinash sodani cs wisc edu cs steele michael msteele cs wisc edu cs stenglein jeremy stenglei cs wisc edu cs stodder suzan stodder cs wisc edu cs stubbs maryan mstubbs cs wisc edu cs subramanian sowmya sowmya cs wisc edu cs suen sunlung ssuen cs wisc edu cs sundaram stukel david sundaram cs wisc edu swander brian swanderb cs wisc edu cs swanson scott scotts cs wisc edu sweeney peter pfs cs wisc edu tamches ariel tamches cs wisc edu cs teitelbaum benjamin ben cs wisc edu cs thayer brad brad cs wisc edu cs therber andrew andyt cs wisc edu cs thusoo ashish ashisht cs wisc edu cs toonen brian toonen cs wisc edu cs tsiolis athanassios tsiolis cs wisc edu cs tufte kristin kristint cs wisc edu cs turnidge todd turnidge cs wisc edu cs u unat ayse unat cs wisc edu v varghese george joev cs wisc edu cs vijaykumar vijay cs wisc edu cs w wang haihong whh cs wisc edu cs wang qinqin qw cs wisc edu cs wang taxiao twang cs wisc edu cs wang zhe zhe cs wisc edu cs watrous john watrous cs wisc edu cs weaver christopher weaver cs wisc edu cs wei yinong yinong cs wisc edu cs x xu zhichen zhichen cs wisc edu cs y yao dan dyao cs wisc edu cs yu james jyu cs wisc edu cs yu jie bing jiebing cs wisc edu cs yu liang yin yuly cs wisc edu yuin maria myuin cs wisc edu cs z zandy victor zandy cs wisc edu cs zeidenberg matthew zeiden cs wisc edu zhang jin zj cs wisc edu cs zhang wei weiz cs wisc edu cs zhao yi zhao cs wisc edu cs zheng ling lzheng cs wisc edu cs zhu liping liping cs wisc edu cs zimmermann david dzimm cs wisc edu cs zmudzinski krzysztof zmudzin cs wisc edu last modified thu mar cst www page automatically generated believe error page please send mail www cs wisc edu