date tue jan gmt server ncsa last modified fri oct gmt content type text html content length computer science graduate students computer science graduate students local phone numbers listed campus use xxxx name phone e mail cs umass edu ablavsky vitaly ablavsky ahmed sajeed ahmed anderson scott anderson araujo elizeth araujo aseltine johnathan aseltine atkin marc atkin ballesteros lisa balleste barrett daniel barrett batanov alexander batanov baumgartner achim baumgart beardsley jean beardsle berkman neil berkman bhandaru malini malini bhargava alok bhargava bhattacharyya supratik bhattach brown eric brown buluswar shashidhar buluswar cahoon brendon cahoon cavazos john cavazos chamillard albert chamilla cheng yong qing cheng chia mike chia clouse jeffery clouse coelho jefferson coelho crites robert crites cvetanovic zarko cvetanov daniels jody daniels das madirakshi mdas datta suprakash datta daumueller katja daumuell dey sircar jayanta dey dhagat arundhati dhagat diwan amer diwan dolan john dolan dropsho steven dropsho duff michael duff dwyer matthew dwyer dyer stephen dyer eliot christopher eliot etessami kousha etessami fang ming fang firoiu laura lfiroiu firoiu victor vfiroiu friedman m timur friedman fujii hideo fujii gan jiuhe gan gao lixin gao garvey alan garvey gonzalez gomez oscar ogonzale grass joshua jgrass gregory dawn gregory greiff warren greiff guzman lara sergio guzman haines david haines han cheng feng chan hansen eric hansen haugsjaa erik ehaugsja haugsjaa kjeldy haugsjaa havlicek james havlicek huang jin jhuang huber manfred huber humphrey marty humphrey jaynes christopher jaynes kalra archna archna kalt thomas kalt kamath mohan kamath kaneko hiroyuki kaplan alan kaplan kasera kamal kkasera kasera sandhya skasera kasera sneha kumar kasera kim john kim klassner frank klassner kokkoris stavros kokkoris kocica anthony kocica kundu joydip kundu kutlu gokhan kutlu kuvayev leonid kuvayev leban bruce leban leouski anton leouski li chen li lim william lim long qiegang qlong lu chi jen cjlu lu zhihong zlu macdonald willard macdonal mahamud shyjan mahamud mammen dorothy mammen manmatha raghavan manmatha marengoni mauricio marengon marsh harry marsh mccall erik mccall mccarthy joseph jmccarth mccarthy lewis lmccarth mcnulty john mcnulty medina molesky lory lory moon sue bok sbmoon murfin asaph murfin nagendraprasad maram nagendra nahum erich nahum naumovich gleb naumovic nithrakashyap arvind nithraka oates james oates oliver david oliver padhye jitendra jitu papka ron papka pedregal martin cris pedregal peri jagan jagan picquendar marc picquend podorozh ponte jay ponte prabhu rajesh prabhu precup doina dprecup purimetla bhaskar bhaskar pyreddy pallavi pyreddy rajeev byrisetty rajeev ramanathan kumaresan ramanath ramavarjula bharathi ramavarj ramjee ramachandran ramjee ravela srinivas ravela ridgway john ridgway rubenstein daniel drubenst rubinstein zachary rubinstein sahu sambit sahu salehi james salehi sandholm tuomas sandholm sarangan selvakumar sarangan schnackertz theodore schnack scudder michael scudder sen subhabrata sen shanmugasundaramjayavel shan sharry david sharry shi qing qshi shrikumar hariharasubrahm shri singhai sharad singhai sitkoff nathan sitkoff sivasankaran rajendran sivasank skalak david skalak soderland stephen soderlan st amant robert stamant stefanovic darko stefanov stein cindy stein stern mia stern stolle frank stolle swan russell swan tarr peri tarr teo marie teo wagner thomas wagner wang xiaoguang xwang weaver glen weaver whitehair robert whitehai wright eric wright wu ziqiang victor vwu xavier shehan xavier xiong ming xiong xu jinxi xu xuan ping pxuan yanowitz jason yanowitz yates david yates yee richard yee zhang zhili zhzhang zhang zhongfei zzhang next publications return home page last update june www admin cs umass edu